1,Phone,Apple,iPhone 4,8,10,8,5.5,3
2,Phone,Apple,iPhone 4,16,10,8,5.5,3
3,Phone,Apple,iPhone 4,32,10,8,5.5,3
4,Phone,Apple,iPhone 4S,8,20,16,11,6
5,Phone,Apple,iPhone 4S,16,20,16,11,6
6,Phone,Apple,iPhone 4S,32,20,16,11,6
7,Phone,Apple,iPhone 4S,64,20,16,11,6
8,Phone,Apple,iPhone 5,16,100,80,55,30
9,Phone,Apple,iPhone 5,32,100,80,55,30
10,Phone,Apple,iPhone 5,64,100,80,55,30
11,Phone,Apple,iPhone 5C,8,100,80,55,30
12,Phone,Apple,iPhone 5C,16,100,80,55,30
13,Phone,Apple,iPhone 5C,32,100,80,55,30
14,Phone,Apple,iPhone 5S,16,200,160,110,60
15,Phone,Apple,iPhone 5S,32,300,240,165,90
16,Phone,Apple,iPhone 5S,64,500,400,275,150
17,Phone,Apple,iPhone 6,16,1000,800,550,300
18,Phone,Apple,iPhone 6,32,1500,1200,825,450
19,Phone,Apple,iPhone 6,64,2000,1600,1100,600
20,Phone,Apple,iPhone 6,128,3500,2800,1925,1050
21,Phone,Apple,iPhone 6 Plus,16,1500,1200,825,450
22,Phone,Apple,iPhone 6 Plus,64,2000,1600,1100,600
23,Phone,Apple,iPhone 6 Plus,128,4000,3200,2200,1200
24,Phone,Apple,iPhone 6S,16,2000,1600,1100,600
25,Phone,Apple,iPhone 6S,32,2500,2000,1375,750
26,Phone,Apple,iPhone 6S,64,3000,2400,1650,900
27,Phone,Apple,iPhone 6S,128,4000,3200,2200,1200
28,Phone,Apple,iPhone 6S Plus,16,2500,2000,1375,750
29,Phone,Apple,iPhone 6S Plus,32,3000,2400,1650,900
30,Phone,Apple,iPhone 6S Plus,64,3500,2800,1925,1050
31,Phone,Apple,iPhone 6S Plus,128,4500,3600,2475,1350
32,Phone,Apple,iPhone 7,32,4500,3600,2475,1350
33,Phone,Apple,iPhone 7,128,5000,4000,2750,1500
34,Phone,Apple,iPhone 7,256,6500,5200,3575,1950
35,Phone,Apple,iPhone 7 Plus,32,7000,5600,3850,2100
36,Phone,Apple,iPhone 7 Plus,128,8000,6400,4400,2400
37,Phone,Apple,iPhone 7 Plus,256,8500,6800,4675,2550
38,Phone,Apple,iPhone SE,16,1500,1200,825,450
39,Phone,Apple,iPhone SE,32,1800,1440,990,540
40,Phone,Apple,iPhone SE,64,2000,1600,1100,600
41,Phone,Apple,iPhone SE,128,2500,2000,1375,750
42,Phone,Apple,iPhone SE 2020 2nd generation,64,12000,9600,6600,3600
43,Phone,Apple,iPhone SE 2020 2nd generation,128,14000,11200,7700,4200
44,Phone,Apple,iPhone SE 2020 2nd generation,256,17000,13600,9350,5100
45,Phone,Apple,iPhone 8,64,8000,6400,4400,2400
46,Phone,Apple,iPhone 8,128,9000,7200,4950,2700
47,Phone,Apple,iPhone 8,256,10000,8000,5500,3000
48,Phone,Apple,iPhone 8 Plus,64,11000,8800,6050,3300
49,Phone,Apple,iPhone 8 Plus,128,12000,9600,6600,3600
50,Phone,Apple,iPhone 8 Plus,256,13000,10400,7150,3900
51,Phone,Apple,iPhone X,64,14000,11200,7700,4200
52,Phone,Apple,iPhone X,256,15000,12000,8250,4500
53,Phone,Apple,iPhone Xr,64,14000,11200,7700,4200
54,Phone,Apple,iPhone Xr,128,16000,12800,8800,4800
55,Phone,Apple,iPhone Xr,256,18500,14800,10175,5550
56,Phone,Apple,iPhone Xs,64,17000,13600,9350,5100
57,Phone,Apple,iPhone Xs,256,19000,15200,10450,5700
58,Phone,Apple,iPhone Xs,512,22000,17600,12100,6600
59,Phone,Apple,iPhone Xs Max,64,18000,14400,9900,5400
60,Phone,Apple,iPhone Xs Max,256,20000,16000,11000,6000
61,Phone,Apple,iPhone Xs Max,512,23000,18400,12650,6900
62,Phone,Apple,iPhone 11,64,22000,17600,12100,6600
63,Phone,Apple,iPhone 11,128,23000,18400,12650,6900
64,Phone,Apple,iPhone 11,256,26000,20800,14300,7800
65,Phone,Apple,iPhone 11 Pro,64,30000,24000,16500,9000
66,Phone,Apple,iPhone 11 Pro,256,33000,26400,18150,9900
67,Phone,Apple,iPhone 11 Pro,512,34000,27200,18700,10200
68,Phone,Apple,iPhone 11 Pro Max,64,33000,26400,18150,9900
69,Phone,Apple,iPhone 11 Pro Max,256,36000,28800,19800,10800
70,Phone,Apple,iPhone 11 Pro Max,512,39000,31200,21450,11700
71,Phone,Apple,iPhone 12 mini,64,27000,21600,14850,8100
72,Phone,Apple,iPhone 12 mini,128,29000,23200,15950,8700
73,Phone,Apple,iPhone 12 mini,256,32000,25600,17600,9600
74,Phone,Apple,iPhone 12,64,31000,24800,17050,9300
75,Phone,Apple,iPhone 12,128,32000,25600,17600,9600
76,Phone,Apple,iPhone 12,256,36000,28800,19800,10800
77,Phone,Apple,iPhone 12 Pro,128,38000,30400,20900,11400
78,Phone,Apple,iPhone 12 Pro,256,42000,33600,23100,12600
79,Phone,Apple,iPhone 12 Pro,512,49000,39200,26950,14700
80,Phone,Apple,iPhone 12 Pro Max,128,42000,33600,23100,12600
81,Phone,Apple,iPhone 12 Pro Max,256,47000,37600,25850,14100
82,Phone,Apple,iPhone 12 Pro Max,512,53000,42400,29150,15900
83,Phone,Apple,iPhone 13 mini,128,35000,28000,19250,10500
84,Phone,Apple,iPhone 13 mini,256,40000,32000,22000,12000
85,Phone,Apple,iPhone 13 mini,512,45000,36000,24750,13500
86,Phone,Apple,iPhone 13 ,128,40000,32000,22000,12000
87,Phone,Apple,iPhone 13,256,45000,36000,24750,13500
88,Phone,Apple,iPhone 13,512,50000,40000,27500,15000
89,Phone,Apple,iPhone 13 Pro,128,55000,44000,30250,16500
90,Phone,Apple,iPhone 13 Pro,256,60000,48000,33000,18000
91,Phone,Apple,iPhone 13 Pro,512,65000,52000,35750,19500
92,Phone,Apple,iPhone 13 Pro,1024,72000,57600,39600,21600
93,Phone,Apple,iPhone 13 Pro Max,128,60000,48000,33000,18000
94,Phone,Apple,iPhone 13 Pro Max,256,65000,52000,35750,19500
95,Phone,Apple,iPhone 13 Pro Max,512,70000,56000,38500,21000
96,Phone,Apple,iPhone 13 Pro Max,1024,77000,61600,42350,23100
97,Tablet,Apple,iPad 2,16,100,80,55,30
98,Tablet,Apple,iPad 2,32,100,80,55,30
99,Tablet,Apple,iPad 2,64,100,80,55,30
100,Tablet,Apple,iPad 3,16,300,240,165,90
101,Tablet,Apple,iPad 3,32,300,240,165,90
102,Tablet,Apple,iPad 3,64,500,400,275,150
103,Tablet,Apple,iPad 4,16,500,400,275,150
104,Tablet,Apple,iPad 4,32,700,560,385,210
105,Tablet,Apple,iPad 4,64,1000,800,550,300
106,Tablet,Apple,iPad 4,128,1200,960,660,360
107,Tablet,Apple,iPad 9.7 5 GEN,32,5500,4400,3025,1650
108,Tablet,Apple,iPad 9.7 5 GEN,128,6000,4800,3300,1800
109,Tablet,Apple,iPad 9.7 6 GEN,32,6500,5200,3575,1950
110,Tablet,Apple,iPad 9.7 6 GEN,128,7000,5600,3850,2100
111,Tablet,Apple,iPad Air,16,3000,2400,1650,900
112,Tablet,Apple,iPad Air,32,3200,2560,1760,960
113,Tablet,Apple,iPad Air,64,3400,2720,1870,1020
114,Tablet,Apple,iPad Air,128,4000,3200,2200,1200
115,Tablet,Apple,iPad Air 2,16,5000,4000,2750,1500
116,Tablet,Apple,iPad Air 2,32,5500,4400,3025,1650
117,Tablet,Apple,iPad Air 2,64,6000,4800,3300,1800
118,Tablet,Apple,iPad Air 2,128,6500,5200,3575,1950
119,Tablet,Apple,iPad Air 3,64,18000,14400,9900,5400
120,Tablet,Apple,iPad Air 3,256,20000,16000,11000,6000
121,Tablet,Apple,iPad Air 4,64,27000,21600,14850,8100
122,Tablet,Apple,iPad Air 4,256,31000,24800,17050,9300
123,Tablet,Apple,iPad Mini,16,500,400,275,150
124,Tablet,Apple,iPad Mini,32,700,560,385,210
125,Tablet,Apple,iPad Mini,64,800,640,440,240
126,Tablet,Apple,iPad mini 2,16,2000,1600,1100,600
127,Tablet,Apple,iPad mini 2,32,2500,2000,1375,750
128,Tablet,Apple,iPad mini 2,64,3000,2400,1650,900
129,Tablet,Apple,iPad mini 2,128,3200,2560,1760,960
130,Tablet,Apple,iPad mini 3,16,5000,4000,2750,1500
131,Tablet,Apple,iPad mini 3,64,6000,4800,3300,1800
132,Tablet,Apple,iPad mini 3,128,6500,5200,3575,1950
133,Tablet,Apple,iPad mini 4,16,600,480,330,180
134,Tablet,Apple,iPad mini 4,32,6500,5200,3575,1950
135,Tablet,Apple,iPad mini 4,64,7000,5600,3850,2100
136,Tablet,Apple,iPad mini 4,128,7500,6000,4125,2250
137,Tablet,Apple,iPad mini 5,64,13500,10800,7425,4050
138,Tablet,Apple,iPad mini 5,256,14000,11200,7700,4200
139,Tablet,Apple,iPad Pro 12.9,32,10000,8000,5500,3000
140,Tablet,Apple,iPad Pro 12.9,128,11000,8800,6050,3300
141,Tablet,Apple,iPad Pro 12.9,256,12000,9600,6600,3600
142,Tablet,Apple,iPad Pro 9.7,32,8000,6400,4400,2400
143,Tablet,Apple,iPad Pro 9.7,128,9500,7600,5225,2850
144,Tablet,Apple,iPad Pro 9.7,256,10000,8000,5500,3000
145,Tablet,Apple,iPad Pro 10.5,64,12000,9600,6600,3600
146,Tablet,Apple,iPad Pro 10.5,256,14000,11200,7700,4200
147,Tablet,Apple,iPad Pro 10.5,512,16000,12800,8800,4800
148,Tablet,Apple,iPad Pro 12.9 2017,64,15000,12000,8250,4500
149,Tablet,Apple,iPad Pro 12.9 2017,256,18000,14400,9900,5400
150,Tablet,Apple,iPad Pro 12.9 2017,512,20000,16000,11000,6000
151,Tablet,Apple,iPad Pro 11 2018,64,24000,19200,13200,7200
152,Tablet,Apple,iPad Pro 11 2018,256,28000,22400,15400,8400
153,Tablet,Apple,iPad Pro 11 2018,512,35000,28000,19250,10500
154,Tablet,Apple,iPad Pro 11 2018,1024,40000,32000,22000,12000
155,Tablet,Apple,iPad Pro 12.9 2018,64,25000,20000,13750,7500
156,Tablet,Apple,iPad Pro 12.9 2018,256,26000,20800,14300,7800
157,Tablet,Apple,iPad Pro 12.9 2018,512,28000,22400,15400,8400
158,Tablet,Apple,iPad Pro 12.9 2018,1024,42000,33600,23100,12600
159,Tablet,Apple,iPad 10.2 7 GEN,32,14000,11200,7700,4200
160,Tablet,Apple,iPad 10.2 7 GEN,128,16000,12800,8800,4800
161,Tablet,Apple,iPad Pro 11 2020,128,31000,24800,17050,9300
162,Tablet,Apple,iPad Pro 11 2020,256,34000,27200,18700,10200
163,Tablet,Apple,iPad Pro 11 2020,512,40000,32000,22000,12000
164,Tablet,Apple,iPad Pro 11 2020,1024,46000,36800,25300,13800
165,Tablet,Apple,iPad Pro 12.9 2020,128,35000,28000,19250,10500
166,Tablet,Apple,iPad Pro 12.9 2020,256,38000,30400,20900,11400
167,Tablet,Apple,iPad Pro 12.9 2020,512,44000,35200,24200,13200
168,Tablet,Apple,iPad Pro 12.9 2020,1024,50000,40000,27500,15000
169,Phone,Samsung,Galaxy M01 Core,32,2000,1600,1100,600
170,Phone,Samsung,Galaxy M01,32,2000,1600,1100,600
171,Phone,Samsung,Galaxy M01s,32,2500,2000,1375,750
172,Phone,Samsung,Galaxy A01 Core,16,1000,800,550,300
173,Phone,Samsung,Galaxy A01,16,1500,1200,825,450
174,Phone,Samsung,Galaxy A10,32,1700,1360,935,510
175,Phone,Samsung,Galaxy A10e,32,1500,1200,825,450
176,Phone,Samsung,Galaxy A10s,32,2000,1600,1100,600
177,Phone,Samsung,Galaxy A11,32,3000,2400,1650,900
178,Phone,Samsung,Galaxy M11,32,3000,2400,1650,900
179,Phone,Samsung,Galaxy A12,32,3500,2800,1925,1050
180,Phone,Samsung,Galaxy A12,64,3700,2960,2035,1110
181,Phone,Samsung,Galaxy M12,32,3500,2800,1925,1050
182,Phone,Samsung,Galaxy M12,64,3700,2960,2035,1110
183,Phone,Samsung,Galaxy A02,32,3500,2800,1925,1050
184,Phone,Samsung,Galaxy A02s,32,3400,2720,1870,1020
185,Phone,Samsung,Galaxy A20,32,3000,2400,1650,900
186,Phone,Samsung,Galaxy A20e,32,3000,2400,1650,900
187,Phone,Samsung,Galaxy A20s,32,3500,2800,1925,1050
188,Phone,Samsung,Galaxy A20s,64,3600,2880,1980,1080
189,Phone,Samsung,Galaxy A21,32,4000,3200,2200,1200
190,Phone,Samsung,Galaxy A21s,32,4100,3280,2255,1230
191,Phone,Samsung,Galaxy A21s,64,4200,3360,2310,1260
192,Phone,Samsung,Galaxy M21,64,4000,3200,2200,1200
193,Phone,Samsung,Galaxy M22,128,4100,3280,2255,1230
194,Phone,Samsung,Galaxy A22,64,5000,4000,2750,1500
195,Phone,Samsung,Galaxy A03s,64,4500,3600,2475,1350
196,Phone,Samsung,Galaxy A3 2015,16,200,160,110,60
197,Phone,Samsung,Galaxy A3 2016,16,500,400,275,150
198,Phone,Samsung,Galaxy A3 2017,16,1000,800,550,300
199,Phone,Samsung,Galaxy A30,32,3000,2400,1650,900
200,Phone,Samsung,Galaxy A30,64,3500,2800,1925,1050
201,Phone,Samsung,Galaxy A30s,32,3700,2960,2035,1110
202,Phone,Samsung,Galaxy A30s,64,3900,3120,2145,1170
203,Phone,Samsung,Galaxy A30s,128,4200,3360,2310,1260
204,Phone,Samsung,Galaxy M30s,64,4200,3360,2310,1260
205,Phone,Samsung,Galaxy M30s,128,4500,3600,2475,1350
206,Phone,Samsung,Galaxy A31,128,6000,4800,3300,1800
207,Phone,Samsung,Galaxy M31,128,6000,4800,3300,1800
208,Phone,Samsung,Galaxy M31s,128,6500,5200,3575,1950
209,Phone,Samsung,Galaxy M32,128,7000,5600,3850,2100
210,Phone,Samsung,Galaxy A32,64,7000,5600,3850,2100
211,Phone,Samsung,Galaxy A32,128,7200,5760,3960,2160
212,Phone,Samsung,Galaxy A40,64,3500,2800,1925,1050
213,Phone,Samsung,Galaxy A41,64,4500,3600,2475,1350
214,Phone,Samsung,Galaxy A42,128,8000,6400,4400,2400
215,Phone,Samsung,Galaxy A5 2015,16,500,400,275,150
216,Phone,Samsung,Galaxy A5 2016,16,1200,960,660,360
217,Phone,Samsung,Galaxy A5 2017,32,1500,1200,825,450
218,Phone,Samsung,Galaxy A5 2017,64,1600,1280,880,480
219,Phone,Samsung,Galaxy A50,64,4000,3200,2200,1200
220,Phone,Samsung,Galaxy A50,128,4200,3360,2310,1260
221,Phone,Samsung,Galaxy A51,64,6000,4800,3300,1800
222,Phone,Samsung,Galaxy A51,128,6200,4960,3410,1860
223,Phone,Samsung,Galaxy M51,128,8000,6400,4400,2400
224,Phone,Samsung,Galaxy M52,128,10000,8000,5500,3000
225,Phone,Samsung,Galaxy A52,128,10000,8000,5500,3000
226,Phone,Samsung,Galaxy A6,32,1500,1200,825,450
227,Phone,Samsung,Galaxy A6,64,1500,1200,825,450
228,Phone,Samsung,Galaxy A6 plus,32,2000,1600,1100,600
229,Phone,Samsung,Galaxy A6 plus,64,2000,1600,1100,600
230,Phone,Samsung,Galaxy A60,64,5000,4000,2750,1500
231,Phone,Samsung,Galaxy A60,128,5500,4400,3025,1650
232,Phone,Samsung,Galaxy A7 2015,16,600,480,330,180
233,Phone,Samsung,Galaxy A7 2016,16,1500,1200,825,450
234,Phone,Samsung,Galaxy A7 2017,32,2500,2000,1375,750
235,Phone,Samsung,Galaxy A7 2018,64,3000,2400,1650,900
236,Phone,Samsung,Galaxy A7 2018,128,3200,2560,1760,960
237,Phone,Samsung,Galaxy A70,128,5000,4000,2750,1500
238,Phone,Samsung,Galaxy A71,128,8000,6400,4400,2400
239,Phone,Samsung,Galaxy A72,128,14000,11200,7700,4200
240,Phone,Samsung,Galaxy A8,32,2000,1600,1100,600
241,Phone,Samsung,Galaxy A8,64,2500,2000,1375,750
242,Phone,Samsung,Galaxy A8 plus,32,3000,2400,1650,900
243,Phone,Samsung,Galaxy A8 plus,64,3200,2560,1760,960
244,Phone,Samsung,Galaxy A80,128,8000,6400,4400,2400
245,Phone,Samsung,Galaxy A9 2016,32,2000,1600,1100,600
246,Phone,Samsung,Galaxy A9 2018,64,3500,2800,1925,1050
247,Phone,Samsung,Galaxy A9 2018,128,3500,2800,1925,1050
248,Phone,Samsung,Galaxy A9 Pro 2016,32,3500,2800,1925,1050
249,Phone,Samsung,Galaxy J1 2016,8,200,160,110,60
250,Phone,Samsung,Galaxy J1 mini,8,100,80,55,30
251,Phone,Samsung,Galaxy J1 mini prime,8,100,80,55,30
252,Phone,Samsung,Galaxy J2 2017,8,500,400,275,150
253,Phone,Samsung,Galaxy J2 2018,16,500,400,275,150
254,Phone,Samsung,Galaxy J2 core 2018,8,500,400,275,150
255,Phone,Samsung,Galaxy J2 prime,8,500,400,275,150
256,Phone,Samsung,Galaxy J2 Pro 2018,16,500,400,275,150
257,Phone,Samsung,Galaxy J3 2016,8,500,400,275,150
258,Phone,Samsung,Galaxy J3 2016,16,500,400,275,150
259,Phone,Samsung,Galaxy J3 2017,16,800,640,440,240
260,Phone,Samsung,Galaxy J3 2018,16,1000,800,550,300
261,Phone,Samsung,Galaxy J4 2018,16,1000,800,550,300
262,Phone,Samsung,Galaxy J4 2018,32,1000,800,550,300
263,Phone,Samsung,Galaxy J4 Plus 2018,16,1200,960,660,360
264,Phone,Samsung,Galaxy J4 Plus 2018,32,1200,960,660,360
265,Phone,Samsung,Galaxy J5 2015,8,900,720,495,270
266,Phone,Samsung,Galaxy J5 2015,16,1100,880,605,330
267,Phone,Samsung,Galaxy J5 2016,16,1000,800,550,300
268,Phone,Samsung,Galaxy J5 2017,16,1400,1120,770,420
269,Phone,Samsung,Galaxy J5 prime,16,1300,1040,715,390
270,Phone,Samsung,Galaxy J5 prime,32,1000,800,550,300
271,Phone,Samsung,Galaxy J6 2018,32,2000,1600,1100,600
272,Phone,Samsung,Galaxy J6 2018,64,2000,1600,1100,600
273,Phone,Samsung,Galaxy J6 plus 2018,32,2000,1600,1100,600
274,Phone,Samsung,Galaxy J6 plus 2018,64,2000,1600,1100,600
275,Phone,Samsung,Galaxy J7 2015,16,400,320,220,120
276,Phone,Samsung,Galaxy J7 2016,16,1200,960,660,360
277,Phone,Samsung,Galaxy J7 2017,16,1500,1200,825,450
278,Phone,Samsung,Galaxy J7 2018,16,2000,1600,1100,600
279,Phone,Samsung,Galaxy J7 2018,32,2000,1600,1100,600
280,Phone,Samsung,Galaxy J7 neo,16,1700,1360,935,510
281,Phone,Samsung,Galaxy J7 prime,16,2000,1600,1100,600
282,Phone,Samsung,Galaxy J7 prime,32,2100,1680,1155,630
283,Phone,Samsung,Galaxy J8 2018,32,2000,1600,1100,600
284,Phone,Samsung,Galaxy J8 2018,64,2000,1600,1100,600
285,Tablet,Samsung,Galaxy Note 10 inch II 2014,16,500,400,275,150
286,Tablet,Samsung,Galaxy Note 10 inch II 2014,32,500,400,275,150
287,Tablet,Samsung,Galaxy Note 10 inch II 2014,64,500,400,275,150
288,Phone,Samsung,Galaxy Note 4,16,1000,800,550,300
289,Phone,Samsung,Galaxy Note 4,32,1900,1520,1045,570
290,Phone,Samsung,Galaxy Note 5,32,3000,2400,1650,900
291,Phone,Samsung,Galaxy Note 5,64,4000,3200,2200,1200
292,Phone,Samsung,Galaxy Note 8,64,5500,4400,3025,1650
293,Phone,Samsung,Galaxy Note 8,128,6500,5200,3575,1950
294,Phone,Samsung,Galaxy Note 8,256,7000,5600,3850,2100
295,Tablet,Samsung,Galaxy Note 8 inch 3G,16,1000,800,550,300
296,Tablet,Samsung,Galaxy Note 8 inch 3G,32,1000,800,550,300
297,Phone,Samsung,Galaxy Note 9,128,8000,6400,4400,2400
298,Phone,Samsung,Galaxy Note 9,512,8500,6800,4675,2550
299,Phone,Samsung,Galaxy Note 10 lite,128,9000,7200,4950,2700
300,Phone,Samsung,Galaxy Note 10,256,16000,12800,8800,4800
301,Phone,Samsung,Galaxy Note 10 plus,256,20000,16000,11000,6000
302,Phone,Samsung,Galaxy Note 10 plus,512,21000,16800,11550,6300
303,Phone,Samsung,Galaxy Note 20,256,23000,18400,12650,6900
304,Phone,Samsung,Galaxy Note 20 ultra,256,25000,20000,13750,7500
305,Phone,Samsung,Galaxy Note 20 ultra,512,27000,21600,14850,8100
306,Phone,Samsung,Galaxy Z Flip,256,19000,15200,10450,5700
307,Phone,Samsung,Galaxy Z Flip 3,128,35000,28000,19250,10500
308,Phone,Samsung,Galaxy Z Flip 3,256,37000,29600,20350,11100
309,Phone,Samsung,Galaxy Fold,512,20000,16000,11000,6000
310,Phone,Samsung,Galaxy Fold 2,256,35000,28000,19250,10500
311,Phone,Samsung,Galaxy Fold 3,256,55000,44000,30250,16500
312,Phone,Samsung,Galaxy Fold 3,512,60000,48000,33000,18000
313,Phone,Samsung,Galaxy S20 FE,128,14000,11200,7700,4200
314,Phone,Samsung,Galaxy S20 FE,256,15000,12000,8250,4500
315,Phone,Samsung,Galaxy S20 ultra,128,21000,16800,11550,6300
316,Phone,Samsung,Galaxy S20 ultra,256,21500,17200,11825,6450
317,Phone,Samsung,Galaxy S20 ultra,512,22000,17600,12100,6600
318,Phone,Samsung,Galaxy S20 plus,128,19000,15200,10450,5700
319,Phone,Samsung,Galaxy S20 plus,512,19500,15600,10725,5850
320,Phone,Samsung,Galaxy S21,128,27000,21600,14850,8100
321,Phone,Samsung,Galaxy S21,256,27500,22000,15125,8250
322,Phone,Samsung,Galaxy S21 plus,128,28000,22400,15400,8400
323,Phone,Samsung,Galaxy S21 plus,256,28500,22800,15675,8550
324,Phone,Samsung,Galaxy S21 ultra,128,42000,33600,23100,12600
325,Phone,Samsung,Galaxy S21 ultra,256,43000,34400,23650,12900
326,Phone,Samsung,Galaxy S21 ultra,512,45000,36000,24750,13500
327,Phone,Samsung,Galaxy S20,128,17000,13600,9350,5100
328,Phone,Samsung,Galaxy S10,128,11000,8800,6050,3300
329,Phone,Samsung,Galaxy S10,256,12000,9600,6600,3600
330,Phone,Samsung,Galaxy S10,512,13000,10400,7150,3900
331,Phone,Samsung,Galaxy S10 plus,128,12000,9600,6600,3600
332,Phone,Samsung,Galaxy S10 plus,512,13000,10400,7150,3900
333,Phone,Samsung,Galaxy S10 plus,1024,15000,12000,8250,4500
334,Phone,Samsung,Galaxy S10e,128,7000,5600,3850,2100
335,Phone,Samsung,Galaxy S10e,256,7500,6000,4125,2250
336,Phone,Samsung,Galaxy S10 lite,128,7000,5600,3850,2100
337,Phone,Samsung,Galaxy S10 lite,512,7500,6000,4125,2250
338,Phone,Samsung,Galaxy S5,16,200,160,110,60
339,Phone,Samsung,Galaxy S5,32,300,240,165,90
340,Phone,Samsung,Galaxy S5 mini,16,200,160,110,60
341,Phone,Samsung,Galaxy S6,32,1000,800,550,300
342,Phone,Samsung,Galaxy S6,64,1200,960,660,360
343,Phone,Samsung,Galaxy S6,128,1300,1040,715,390
344,Phone,Samsung,Galaxy S6 edge,32,1200,960,660,360
345,Phone,Samsung,Galaxy S6 edge,64,1400,1120,770,420
346,Phone,Samsung,Galaxy S6 edge,128,1600,1280,880,480
347,Phone,Samsung,Galaxy S6 edge plus,32,1400,1120,770,420
348,Phone,Samsung,Galaxy S6 edge plus,64,1600,1280,880,480
349,Phone,Samsung,Galaxy S6 edge plus,128,1800,1440,990,540
350,Phone,Samsung,Galaxy S7,32,1500,1200,825,450
351,Phone,Samsung,Galaxy S7,64,1800,1440,990,540
352,Phone,Samsung,Galaxy S7 Edge,32,2000,1600,1100,600
353,Phone,Samsung,Galaxy S7 Edge,64,2500,2000,1375,750
354,Phone,Samsung,Galaxy S7 Edge,128,2700,2160,1485,810
355,Phone,Samsung,Galaxy S8,64,5000,4000,2750,1500
356,Phone,Samsung,Galaxy S8 plus,64,6000,4800,3300,1800
357,Phone,Samsung,Galaxy S8 plus,128,6500,5200,3575,1950
358,Phone,Samsung,Galaxy S9,64,7000,5600,3850,2100
359,Phone,Samsung,Galaxy S9,128,7500,6000,4125,2250
360,Phone,Samsung,Galaxy S9,256,8000,6400,4400,2400
361,Phone,Samsung,Galaxy S9 plus,64,8000,6400,4400,2400
362,Phone,Samsung,Galaxy S9 plus,128,8500,6800,4675,2550
363,Phone,Samsung,Galaxy S9 plus,256,9000,7200,4950,2700
364,Tablet,Samsung,Galaxy Tab 4 10 inch 3G,16,500,400,275,150
365,Tablet,Samsung,Galaxy Tab 4 10 inch LTE,16,500,400,275,150
366,Tablet,Samsung,Galaxy Tab 4 8 inch 3G,16,500,400,275,150
367,Tablet,Samsung,Galaxy Tab A 10.1 2019,32,3000,2400,1650,900
368,Tablet,Samsung,Galaxy Tab A 10.1 2019,64,3000,2400,1650,900
369,Tablet,Samsung,Galaxy Tab A 10.1 2019,128,3000,2400,1650,900
370,Tablet,Samsung,Galaxy Tab A 10.1 LTE,16,1500,1200,825,450
371,Tablet,Samsung,Galaxy Tab A 10.1 LTE,32,1500,1200,825,450
372,Tablet,Samsung,Galaxy Tab A 7.0 LTE,8,1200,960,660,360
373,Tablet,Samsung,Galaxy Tab A7 Lite 2021,,5500,4400,3025,1650
374,Tablet,Samsung,Galaxy Tab A 8.0 LTE,16,1200,960,660,360
375,Tablet,Samsung,Galaxy Tab A 8.0 LTE,32,1200,960,660,360
376,Tablet,Samsung,Galaxy Tab A 8.0 LTE 2017,16,1500,1200,825,450
377,Tablet,Samsung,Galaxy Tab A 8.0 LTE 2017,32,1500,1200,825,450
378,Tablet,Samsung,Galaxy Tab A 8.0 LTE 2018,32,2000,1600,1100,600
379,Tablet,Samsung,Galaxy Tab A 8.0 LTE 2019,32,3000,2400,1650,900
380,Tablet,Samsung,Galaxy Tab A 8.0 S PEN 2019,32,2000,1600,1100,600
381,Tablet,Samsung,Galaxy Tab A 8.4 2020,32,5000,4000,2750,1500
382,Tablet,Samsung,Galaxy Tab A 9.7 LTE,16,1000,800,550,300
383,Tablet,Samsung,Galaxy Tab A 10.5 2018,32,3500,2800,1925,1050
384,Tablet,Samsung,Galaxy Tab Active 8 inch LTE,16,1000,800,550,300
385,Tablet,Samsung,Galaxy Tab E 9.6 3G,8,1000,800,550,300
386,Tablet,Samsung,Galaxy Tab Pro 8 inch LTE,16,200,160,110,60
387,Tablet,Samsung,Galaxy Tab Pro S LTE,16,500,400,275,150
388,Tablet,Samsung,Galaxy Tab Pro S LTE,32,500,400,275,150
389,Tablet,Samsung,Galaxy Tab Pro S LTE,128,500,400,275,150
390,Tablet,Samsung,Galaxy Tab S 10.5 inch LTE,16,500,400,275,150
391,Tablet,Samsung,Galaxy Tab S 10.5 inch LTE,32,500,400,275,150
392,Tablet,Samsung,Galaxy Tab S 8 inch LTE,16,500,400,275,150
393,Tablet,Samsung,Galaxy Tab S 8 inch LTE,32,500,400,275,150
394,Tablet,Samsung,Galaxy Tab S2 8.0 LTE T715,32,2000,1600,1100,600
395,Tablet,Samsung,Galaxy Tab S2 8.0 LTE T719,32,2000,1600,1100,600
396,Tablet,Samsung,Galaxy Tab S2 9.7 LTE T815,32,2500,2000,1375,750
397,Tablet,Samsung,Galaxy Tab S2 9.7 LTE T819,32,2500,2000,1375,750
398,Tablet,Samsung,Galaxy Tab S3 9.7 LTE,32,4500,3600,2475,1350
399,Tablet,Samsung,Galaxy Tab S4 10.5 LTE,64,6500,5200,3575,1950
400,Tablet,Samsung,Galaxy Tab S4 10.5 LTE,256,7000,5600,3850,2100
401,Tablet,Samsung,GALAXY TAB S5e,64,10000,8000,5500,3000
402,Tablet,Samsung,GALAXY TAB S6,128,11000,8800,6050,3300
403,Tablet,Samsung,GALAXY TAB S6 Lite,64,9000,7200,4950,2700
404,Tablet,Samsung,GALAXY TAB S7,128,19000,15200,10450,5700
405,Tablet,Samsung,GALAXY TAB S7 plus,128,25000,20000,13750,7500
406,Tablet,Samsung,GALAXY TAB S7 fe,64,17000,13600,9350,5100
407,Tablet,Samsung,GALAXY TAB S7 fe,128,18000,14400,9900,5400
408,Tablet,Samsung,GALAXY TAB A7 10.4 2020,32,4000,3200,2200,1200
409,Tablet,Samsung,Galaxy Tab3 Lite 7.0 3G,8,200,160,110,60
410,Tablet,Samsung,Galaxy Tab4 7 inch 3G,8,500,400,275,150
411,Tablet,Samsung,Galaxy Tab4 7 inch 3G,16,500,400,275,150
412,Tablet,Samsung,Galaxy View LTE,32,200,160,110,60
413,Tablet,Samsung,Galaxy View LTE,64,200,160,110,60
414,Phone,LG,q70,64,750,600,412.5,225
415,Phone,LG,K12,16,200,160,110,60
416,Phone,LG,K50,32,500,400,275,150
417,Phone,LG,K50s,32,800,640,440,240
418,Phone,LG,X2 2019,32,1200,960,660,360
419,Phone,LG,K12 Max,32,1200,960,660,360
420,Phone,LG,G8s Thinq,128,1000,800,550,300
421,Phone,LG,K40,32,1000,800,550,300
422,Phone,LG,V40 ThinQ,128,1250,1000,687.5,375
423,Phone,LG,V50 ThinQ,128,1500,1200,825,450
424,Phone,LG,q60,64,1000,800,550,300
425,Phone,LG,G8 thinq,256,1250,1000,687.5,375
426,Phone,LG,Q9 one,64,1500,1200,825,450
427,Phone,LG,q9,64,1500,1200,825,450
428,Phone,LG,k11,16,850,680,467.5,255
429,Phone,LG,g7+ fit,32,1000,800,550,300
430,Phone,LG,g7 fit,32,1000,800,550,300
431,Phone,LG,g7 one,32,900,720,495,270
432,Phone,LG,k11 alpha,16,600,480,330,180
433,Phone,LG,K11 plus,32,600,480,330,180
434,Phone,LG,Q7+,64,1000,800,550,300
435,Phone,LG,Q7,64,800,640,440,240
436,Phone,LG,V35+ Thinq,128,2000,1600,1100,600
437,Phone,LG,V35 Thinq,128,1400,1120,770,420
438,Phone,LG,G7+ thinQ,128,1400,1120,770,420
439,Phone,LG,G7 Thinq,128,1200,960,660,360
440,Phone,LG,k10 plus,32,600,480,330,180
441,Phone,LG,k10,32,600,480,330,180
442,Phone,LG,k8,16,400,320,220,120
443,Phone,LG,x4,16,400,320,220,120
444,Phone,LG,v30s+,256,2000,1600,1100,600
445,Phone,LG,v30s,256,1800,1440,990,540
446,Phone,LG,v10,64,1500,1200,825,450
447,Phone,LG,q6,32,1200,960,660,360
448,Phone,LG,v30+,128,1000,800,550,300
449,Phone,LG,v30,128,1000,800,550,300
450,Phone,LG,g6+,128,1600,1280,880,480
451,Phone,LG,q8,64,1200,960,660,360
452,Phone,LG,q6 alpha,16,1000,800,550,300
453,Phone,LG,q6+,16,800,640,440,240
454,Phone,LG,k8,16,400,320,220,120
455,Phone,LG,g6,64,2700,2160,1485,810
456,Phone,LG,g5,32,1700,1360,935,510
457,Phone,LG,k4,16,200,160,110,60
458,Phone,Sony,Xperia 1,64,2500,2000,1375,750
459,Phone,Sony,Xperia 1,128,2500,2000,1375,750
460,Phone,Sony,Xperia 10,64,2500,2000,1375,750
461,Phone,Sony,Xperia 10 plus,64,2750,2200,1512.5,825
462,Phone,Sony,Xperia E5,16,300,240,165,90
463,Phone,Sony,Xperia L1,16,300,240,165,90
464,Phone,Sony,Xperia L2,32,500,400,275,150
465,Phone,Sony,Xperia L3,32,500,400,275,150
466,Phone,Sony,Xperia X,32,500,400,275,150
467,Phone,Sony,Xperia X,64,600,480,330,180
468,Phone,Sony,Xperia X compact,32,500,400,275,150
469,Phone,Sony,Xperia X DS,64,500,400,275,150
470,Phone,Sony,Xperia X performance,32,500,400,275,150
471,Phone,Sony,Xperia X performance,64,500,400,275,150
472,Phone,Sony,Xperia XA,16,500,400,275,150
473,Phone,Sony,Xperia XA DS,16,500,400,275,150
474,Phone,Sony,Xperia XA ultra,16,500,400,275,150
475,Phone,Sony,Xperia XA ultra DS,16,550,440,302.5,165
476,Phone,Sony,Xperia XA1,32,600,480,330,180
477,Phone,Sony,Xperia XA1 PLUS,32,600,480,330,180
478,Phone,Sony,Xperia XA1 ultra,32,600,480,330,180
479,Phone,Sony,Xperia XA1 ultra,64,650,520,357.5,195
480,Phone,Sony,Xperia XA1 ultra DS,32,600,480,330,180
481,Phone,Sony,Xperia XA1 ultra DS,64,600,480,330,180
482,Phone,Sony,Xperia XA2,32,750,600,412.5,225
483,Phone,Sony,Xperia XA2 plus,32,900,720,495,270
484,Phone,Sony,Xperia XA2 plus,64,1000,800,550,300
485,Phone,Sony,Xperia XA2 ultra,32,1500,1200,825,450
486,Phone,Sony,Xperia XA2 ultra,64,1750,1400,962.5,525
487,Phone,Sony,Xperia XZ,32,750,600,412.5,225
488,Phone,Sony,Xperia XZ DS,64,1000,800,550,300
489,Phone,Sony,Xperia XZ premium,64,1500,1200,825,450
490,Phone,Sony,Xperia XZ1,64,1750,1400,962.5,525
491,Phone,Sony,Xperia XZ1 compact,32,1350,1080,742.5,405
492,Phone,Sony,Xperia XZ2,64,2000,1600,1100,600
493,Phone,Sony,Xperia XZ2 compact,64,2000,1600,1100,600
494,Phone,Sony,Xperia XZ2 premium,64,2500,2000,1375,750
495,Phone,Sony,Xperia XZ3,64,4000,3200,2200,1200
496,Phone,Sony,Xperia XZS,32,800,640,440,240
497,Phone,Sony,Xperia XZS,64,900,720,495,270
498,Phone,Sony,Xperia Z5,32,600,480,330,180
499,Phone,Sony,Xperia Z5 premium,32,250,200,137.5,75
500,Phone,Huawei,Honor 10,64,1500,1200,825,450
501,Phone,Huawei,Honor 10,128,1750,1400,962.5,525
502,Phone,Huawei,Honor 10 lite,32,1000,800,550,300
503,Phone,Huawei,Honor 10 lite,64,1250,1000,687.5,375
504,Phone,Huawei,Honor 10 lite,128,1350,1080,742.5,405
505,Phone,Huawei,Honor 10i,128,1750,1400,962.5,525
506,Phone,Huawei,Honor 20,128,3000,2400,1650,900
507,Phone,Huawei,Honor 20,256,3250,2600,1787.5,975
508,Phone,Huawei,Honor 20 PRO,128,3500,2800,1925,1050
509,Phone,Huawei,Honor 20 PRO,256,3750,3000,2062.5,1125
510,Phone,Huawei,Honor 20i,64,3250,2600,1787.5,975
511,Phone,Huawei,Honor 20i,128,3500,2800,1925,1050
512,Phone,Huawei,Honor 20i,256,3750,3000,2062.5,1125
513,Phone,Huawei,Honor 5C,16,150,120,82.5,45
514,Phone,Huawei,Honor 5C,32,250,200,137.5,75
515,Phone,Huawei,Honor 5X,16,150,120,82.5,45
516,Phone,Huawei,Honor 5X,32,250,200,137.5,75
517,Phone,Huawei,Honor 6A,16,200,160,110,60
518,Phone,Huawei,Honor 6A,32,300,240,165,90
519,Phone,Huawei,Honor 6A PRO,16,250,200,137.5,75
520,Phone,Huawei,Honor 6A PRO,32,350,280,192.5,105
521,Phone,Huawei,Honor 6C,16,200,160,110,60
522,Phone,Huawei,Honor 6C,32,300,240,165,90
523,Phone,Huawei,Honor 6C PRO,32,350,280,192.5,105
524,Phone,Huawei,Honor 6X,32,350,280,192.5,105
525,Phone,Huawei,Honor 6X,64,450,360,247.5,135
526,Phone,Huawei,Honor 7,16,500,400,275,150
527,Phone,Huawei,Honor 7,32,500,400,275,150
528,Phone,Huawei,Honor 7,64,500,400,275,150
529,Phone,Huawei,Honor 7A,16,500,400,275,150
530,Phone,Huawei,Honor 7A,32,600,480,330,180
531,Phone,Huawei,Honor 7A PRO,16,700,560,385,210
532,Phone,Huawei,Honor 7A PRO,32,750,600,412.5,225
533,Phone,Huawei,Honor 7C,32,550,440,302.5,165
534,Phone,Huawei,Honor 7C,64,700,560,385,210
535,Phone,Huawei,Honor 7i,16,800,640,440,240
536,Phone,Huawei,Honor 7i,32,900,720,495,270
537,Phone,Huawei,Honor 7S,16,500,400,275,150
538,Phone,Huawei,Honor 7S,32,600,480,330,180
539,Phone,Huawei,Honor 7X,32,500,400,275,150
540,Phone,Huawei,Honor 7X,64,700,560,385,210
541,Phone,Huawei,Honor 8,32,500,400,275,150
542,Phone,Huawei,Honor 8,64,600,480,330,180
543,Phone,Huawei,Honor 8 LITE,16,500,400,275,150
544,Phone,Huawei,Honor 8 LITE,32,500,400,275,150
545,Phone,Huawei,Honor 8 LITE,64,500,400,275,150
546,Phone,Huawei,Honor 8 PRO,64,500,400,275,150
547,Phone,Huawei,Honor 8A,32,700,560,385,210
548,Phone,Huawei,Honor 8A,64,700,560,385,210
549,Phone,Huawei,Honor 8A PRO,32,1000,800,550,300
550,Phone,Huawei,Honor 8A PRO,64,1100,880,605,330
551,Phone,Huawei,Honor 8C,32,1050,840,577.5,315
552,Phone,Huawei,Honor 8C,64,1250,1000,687.5,375
553,Phone,Huawei,Honor 8S,32,650,520,357.5,195
554,Phone,Huawei,Honor 8S,64,1050,840,577.5,315
555,Phone,Huawei,Honor 8X,64,1250,1000,687.5,375
556,Phone,Huawei,Honor 8X,128,1300,1040,715,390
557,Phone,Huawei,Honor 8X Max,64,1400,1120,770,420
558,Phone,Huawei,Honor 8X Max,128,1500,1200,825,450
559,Phone,Huawei,Honor 9,64,900,720,495,270
560,Phone,Huawei,Honor 9,128,1050,840,577.5,315
561,Phone,Huawei,Honor 9 LITE,32,600,480,330,180
562,Phone,Huawei,Honor 9 LITE,64,1050,840,577.5,315
563,Phone,Huawei,Honor 9 premium,128,1500,1200,825,450
564,Phone,Huawei,Honor 20 LITE,128,1750,1400,962.5,525
565,Phone,Huawei,Honor PLAY,64,1000,800,550,300
566,Phone,Huawei,Honor VIEW 10,64,1400,1120,770,420
567,Phone,Huawei,Honor VIEW 10,128,1500,1200,825,450
568,Phone,Huawei,Honor VIEW 20,128,2500,2000,1375,750
569,Phone,Huawei,Honor VIEW 20,256,2750,2200,1512.5,825
570,Phone,Huawei,Honor VIEW 30,128,4000,3200,2200,1200
571,Phone,Huawei,Honor VIEW 30 PRO,128,10000,8000,5500,3000
572,Phone,Huawei,Honor VIEW 30 PRO,256,11000,8800,6050,3300
573,Phone,Huawei,Mate 10 lite,64,750,600,412.5,225
574,Phone,Huawei,Mate 20,64,2500,2000,1375,750
575,Phone,Huawei,Mate 20,128,2750,2200,1512.5,825
576,Phone,Huawei,Mate 20 lite,64,1500,1200,825,450
577,Phone,Huawei,Mate 20 PRO,128,4000,3200,2200,1200
578,Phone,Huawei,Mate 20 PRO,256,4500,3600,2475,1350
579,Phone,Huawei,Mate 20 X,128,3500,2800,1925,1050
580,Phone,Huawei,Mate 20 X,256,3500,2800,1925,1050
581,Phone,Huawei,Mate 20 X 5G,256,3500,2800,1925,1050
582,Phone,Huawei,Mate X,512,1500,1200,825,450
583,Phone,Huawei,Mate Xs,512,22250,17800,12237.5,6675
584,Phone,Huawei,Nova 2,64,750,600,412.5,225
585,Phone,Huawei,Nova 2,128,850,680,467.5,255
586,Phone,Huawei,Nova 2 PLUS,64,850,680,467.5,255
587,Phone,Huawei,Nova 2 PLUS,128,900,720,495,270
588,Phone,Huawei,Nova 2I,64,550,440,302.5,165
589,Phone,Huawei,Nova 3,128,3900,3120,2145,1170
590,Phone,Huawei,Nova 3I,128,1000,800,550,300
591,Phone,Huawei,Nova LITE,16,500,400,275,150
592,Phone,Huawei,P SMART,32,550,440,302.5,165
593,Phone,Huawei,P SMART,64,750,600,412.5,225
594,Phone,Huawei,P SMART 2019,32,1000,800,550,300
595,Phone,Huawei,P SMART 2019,64,1000,800,550,300
596,Phone,Huawei,P SMART PLUS 2019,64,1000,800,550,300
597,Phone,Huawei,P SMART Z,64,1250,1000,687.5,375
598,Phone,Huawei,P10,32,600,480,330,180
599,Phone,Huawei,P10,64,650,520,357.5,195
600,Phone,Huawei,P10,128,700,560,385,210
601,Phone,Huawei,P10 lite,32,500,400,275,150
602,Phone,Huawei,P10 lite,64,550,440,302.5,165
603,Phone,Huawei,P10 PLUS,64,650,520,357.5,195
604,Phone,Huawei,P10 PLUS,128,750,600,412.5,225
605,Phone,Huawei,P20,64,1500,1200,825,450
606,Phone,Huawei,P20,128,1750,1400,962.5,525
607,Phone,Huawei,P20 lite,32,1000,800,550,300
608,Phone,Huawei,P20 lite,64,1100,880,605,330
609,Phone,Huawei,P20 lite,128,1150,920,632.5,345
610,Phone,Huawei,P20 PRO,64,3350,2680,1842.5,1005
611,Phone,Huawei,P20 PRO,128,3600,2880,1980,1080
612,Phone,Huawei,P20 PRO,256,4000,3200,2200,1200
613,Phone,Huawei,P30,64,5350,4280,2942.5,1605
614,Phone,Huawei,P30,128,5900,4720,3245,1770
615,Phone,Huawei,P30,256,6500,5200,3575,1950
616,Phone,Huawei,P30 lite,128,2250,1800,1237.5,675
617,Phone,Huawei,P30 PRO,128,6500,5200,3575,1950
618,Phone,Huawei,P30 PRO,256,7000,5600,3850,2100
619,Phone,Huawei,P30 PRO,512,7500,6000,4125,2250
620,Phone,Huawei,P40 lite,128,2500,2000,1375,750
621,Phone,Huawei,P40 LITE E,64,1750,1400,962.5,525
622,Phone,Huawei,P40,128,9100,7280,5005,2730
623,Phone,Huawei,P40,256,9800,7840,5390,2940
624,Phone,Huawei,P40 PRO,128,10000,8000,5500,3000
625,Phone,Huawei,P40 PRO,256,11000,8800,6050,3300
626,Phone,Huawei,P40 PRO,512,11500,9200,6325,3450
627,Phone,Huawei,P8,16,250,200,137.5,75
628,Phone,Huawei,P8,64,350,280,192.5,105
629,Phone,Huawei,P8 lite,16,150,120,82.5,45
630,Phone,Huawei,P8 lite,32,200,160,110,60
631,Phone,Huawei,P8 lite,64,250,200,137.5,75
632,Phone,Huawei,P8 lite 2017,16,150,120,82.5,45
633,Phone,Huawei,P8 lite 2017,64,200,160,110,60
634,Phone,Huawei,P9,32,300,240,165,90
635,Phone,Huawei,P9,64,400,320,220,120
636,Phone,Huawei,P9 lite,16,250,200,137.5,75
637,Phone,Huawei,P9 PLUS,64,400,320,220,120
638,Phone,Huawei,Y3 2017,8,250,200,137.5,75
639,Phone,Huawei,Y3 2018,8,250,200,137.5,75
640,Phone,Huawei,Y5 2017,16,250,200,137.5,75
641,Phone,Huawei,Y5 2018,16,250,200,137.5,75
642,Phone,Huawei,Y5 2018,32,250,200,137.5,75
643,Phone,Huawei,Y5 2018 lite,16,250,200,137.5,75
644,Phone,Huawei,Y5 2019,16,500,400,275,150
645,Phone,Huawei,Y5 2019,32,500,400,275,150
646,Phone,Huawei,Y5 PRIME 2018,16,250,200,137.5,75
647,Phone,Huawei,Y5 PRIME 2018,32,250,200,137.5,75
648,Phone,Huawei,Y6 2018,16,250,200,137.5,75
649,Phone,Huawei,Y6 2019,32,500,400,275,150
650,Phone,Huawei,Y6 PRIME 2018,16,500,400,275,150
651,Phone,Huawei,Y6 PRIME 2018,32,500,400,275,150
652,Phone,Huawei,Y6 PRIME 2019,32,500,400,275,150
653,Phone,Huawei,Y6 PRO 2015,16,250,200,137.5,75
654,Phone,Huawei,Y6 PRO 2017,16,250,200,137.5,75
655,Phone,Huawei,Y6 PRO 2019,32,500,400,275,150
656,Phone,Huawei,Y6II 2016,16,250,200,137.5,75
657,Phone,Huawei,Y6II compact,16,550,440,302.5,165
658,Phone,Huawei,Y7 2017,16,250,200,137.5,75
659,Phone,Huawei,Y7 2017,32,250,200,137.5,75
660,Phone,Huawei,Y7 2018,16,500,400,275,150
661,Phone,Huawei,Y7 2018,32,500,400,275,150
662,Phone,Huawei,Y7 2019,32,500,400,275,150
663,Phone,Huawei,Y7 PRIME 2017,32,250,200,137.5,75
664,Phone,Huawei,Y7 PRIME 2018,32,500,400,275,150
665,Phone,Huawei,Y7 PRIME 2019,32,500,400,275,150
666,Phone,Huawei,Y7 PRO 2018,32,500,400,275,150
667,Phone,Huawei,Y7 PRO 2019,32,500,400,275,150
668,Phone,Huawei,Y9 2018,32,500,400,275,150
669,Phone,Huawei,Y9 2018,64,500,400,275,150
670,Phone,Huawei,Y9 2018,128,500,400,275,150
671,Phone,Huawei,Y9 2019,64,1500,1200,825,450
672,Phone,Huawei,Y9 2019,128,1500,1200,825,450
673,Phone,Huawei,Y9 PRIME 2019,64,1000,800,550,300
674,Phone,Huawei,Y9 PRIME 2019,128,1000,800,550,300
675,Phone,Asus,ROG PHONE,128,8500,6800,4675,2550
676,Phone,Asus,ROG PHONE,512,10000,8000,5500,3000
677,Phone,Asus,ROG PHONE 2,256,7500,6000,4125,2250
678,Phone,Asus,ROG PHONE 2,512,9000,7200,4950,2700
679,Phone,Asus,ZENFONE 4,64,500,400,275,150
680,Phone,Asus,ZENFONE 4 MAX 5.2,16,500,400,275,150
681,Phone,Asus,ZENFONE 4 MAX 5.2,32,500,400,275,150
682,Phone,Asus,ZENFONE 4 MAX 5.5,32,500,400,275,150
683,Phone,Asus,ZENFONE 4 PRO,64,500,400,275,150
684,Phone,Asus,ZENFONE 4 PRO,128,500,400,275,150
685,Phone,Asus,ZENFONE 4 SELFIE,64,500,400,275,150
686,Phone,Asus,ZENFONE 4 SELFIE LITE,16,500,400,275,150
687,Phone,Asus,ZENFONE 4 SELFIE LITE,32,500,400,275,150
688,Phone,Asus,ZENFONE 5,64,500,400,275,150
689,Phone,Asus,ZENFONE 5 LITE,32,500,400,275,150
690,Phone,Asus,ZENFONE 5 LITE,64,500,400,275,150
691,Phone,Asus,ZENFONE 5Z,64,500,400,275,150
692,Phone,Asus,ZENFONE 5Z,128,500,400,275,150
693,Phone,Asus,ZENFONE 5Z,256,500,400,275,150
694,Phone,Asus,ZENFONE 6,64,500,400,275,150
695,Phone,Asus,ZENFONE 6,128,500,400,275,150
696,Phone,Asus,ZENFONE 6,256,500,400,275,150
697,Phone,Asus,ZENFONE LIVE L1,16,150,120,82.5,45
698,Phone,Asus,ZENFONE LIVE L1,32,250,200,137.5,75
699,Phone,Asus,ZENFONE MAX M1,16,500,400,275,150
700,Phone,Asus,ZENFONE MAX M1,32,550,440,302.5,165
701,Phone,Asus,ZENFONE MAX M2,32,750,600,412.5,225
702,Phone,Asus,ZENFONE MAX M2,64,850,680,467.5,255
703,Phone,Asus,ZENFONE MAX PLUS M1,16,800,640,440,240
704,Phone,Asus,ZENFONE MAX PLUS M1,32,850,680,467.5,255
705,Phone,Asus,ZENFONE MAX PLUS M1,64,900,720,495,270
706,Phone,Asus,ZENFONE MAX PLUS M2,32,1000,800,550,300
707,Phone,Asus,ZENFONE MAX PRO M1,32,1050,840,577.5,315
708,Phone,Asus,ZENFONE MAX PRO M1,64,1100,880,605,330
709,Phone,Asus,ZENFONE MAX PRO M1,128,1150,920,632.5,345
710,Phone,Asus,ZENFONE MAX PRO M2,32,1050,840,577.5,315
711,Phone,Asus,ZENFONE MAX PRO M2,64,1100,880,605,330
712,Phone,Asus,ZENFONE MAX PRO M2,128,1150,920,632.5,345
713,Phone,Meizu,15,64,500,400,275,150
714,Phone,Meizu,15,128,500,400,275,150
715,Phone,Meizu,15 LITE,64,500,400,275,150
716,Phone,Meizu,15 PLUS,64,500,400,275,150
717,Phone,Meizu,15 PLUS,128,500,400,275,150
718,Phone,Meizu,16,64,500,400,275,150
719,Phone,Meizu,16,128,500,400,275,150
720,Phone,Meizu,16S,128,500,400,275,150
721,Phone,Meizu,16S,256,500,400,275,150
722,Phone,Meizu,16TH,64,500,400,275,150
723,Phone,Meizu,16TH,128,500,400,275,150
724,Phone,Meizu,16TH PLUS,128,500,400,275,150
725,Phone,Meizu,16TH PLUS,256,500,400,275,150
726,Phone,Meizu,16X,64,500,400,275,150
727,Phone,Meizu,16X,128,500,400,275,150
728,Phone,Meizu,16XS,64,500,400,275,150
729,Phone,Meizu,16XS,128,500,400,275,150
730,Phone,Meizu,C9,16,550,440,302.5,165
731,Phone,Meizu,C9 PRO,32,700,560,385,210
732,Phone,Meizu,M2,16,500,400,275,150
733,Phone,Meizu,M2 NOTE,16,500,400,275,150
734,Phone,Meizu,M2 NOTE,32,550,440,302.5,165
735,Phone,Meizu,M3,16,500,400,275,150
736,Phone,Meizu,M3,32,550,440,302.5,165
737,Phone,Meizu,M3 MAX,64,650,520,357.5,195
738,Phone,Meizu,M3 NOTE,16,500,400,275,150
739,Phone,Meizu,M3 NOTE,32,500,400,275,150
740,Phone,Meizu,M3E,32,500,400,275,150
741,Phone,Meizu,M3S,16,500,400,275,150
742,Phone,Meizu,M3S,32,500,400,275,150
743,Phone,Meizu,M3X,32,1100,880,605,330
744,Phone,Meizu,M3X,64,1250,1000,687.5,375
745,Phone,Meizu,M5,16,500,400,275,150
746,Phone,Meizu,M5,32,550,440,302.5,165
747,Phone,Meizu,M5 NOTE,16,650,520,357.5,195
748,Phone,Meizu,M5 NOTE,32,800,640,440,240
749,Phone,Meizu,M5 NOTE,64,950,760,522.5,285
750,Phone,Meizu,M5C,16,500,400,275,150
751,Phone,Meizu,M5C,32,550,440,302.5,165
752,Phone,Meizu,M5S,16,550,440,302.5,165
753,Phone,Meizu,M5S,32,750,600,412.5,225
754,Phone,Meizu,M6,16,650,520,357.5,195
755,Phone,Meizu,M6,32,700,560,385,210
756,Phone,Meizu,M6 NOTE,16,750,600,412.5,225
757,Phone,Meizu,M6 NOTE,32,900,720,495,270
758,Phone,Meizu,M6 NOTE,64,1000,800,550,300
759,Phone,Meizu,M6S,32,800,640,440,240
760,Phone,Meizu,M6S,64,950,760,522.5,285
761,Phone,Meizu,M6T,16,600,480,330,180
762,Phone,Meizu,M6T,32,800,640,440,240
763,Phone,Meizu,M6T,64,800,640,440,240
764,Phone,Meizu,M8,64,1450,1160,797.5,435
765,Phone,Meizu,M8 LITE,32,900,720,495,270
766,Phone,Meizu,M8C,16,800,640,440,240
767,Phone,Meizu,M8C,32,950,760,522.5,285
768,Phone,Meizu,MX5,16,750,600,412.5,225
769,Phone,Meizu,MX5,32,1050,840,577.5,315
770,Phone,Meizu,MX5,64,1400,1120,770,420
771,Phone,Meizu,MX6,32,1350,1080,742.5,405
772,Phone,Meizu,NOTE 8,64,1350,1080,742.5,405
773,Phone,Meizu,NOTE 9,64,2000,1600,1100,600
774,Phone,Meizu,NOTE 9,128,2000,1600,1100,600
775,Phone,Meizu,PRO 5,32,950,760,522.5,285
776,Phone,Meizu,PRO 5,64,1050,840,577.5,315
777,Phone,Meizu,PRO 6,32,900,720,495,270
778,Phone,Meizu,PRO 6,64,1050,840,577.5,315
779,Phone,Meizu,PRO 6 PLUS,64,1450,1160,797.5,435
780,Phone,Meizu,PRO 6 PLUS,128,2150,1720,1182.5,645
781,Phone,Meizu,PRO 6S,64,700,560,385,210
782,Phone,Meizu,PRO 7,64,1300,1040,715,390
783,Phone,Meizu,PRO 7,128,1400,1120,770,420
784,Phone,Meizu,PRO 7 PLUS,64,2350,1880,1292.5,705
785,Phone,Meizu,PRO 7 PLUS,128,2550,2040,1402.5,765
786,Phone,Meizu,V8,32,600,480,330,180
787,Phone,Meizu,V8 PRO,64,950,760,522.5,285
788,Phone,Meizu,X8,64,2000,1600,1100,600
789,Phone,Meizu,X8,128,2000,1600,1100,600
790,Phone,Nokia,1,8,300,240,165,90
791,Phone,Nokia,1 PLUS,8,250,200,137.5,75
792,Phone,Nokia,1 PLUS,16,250,200,137.5,75
793,Phone,Nokia,2,8,400,320,220,120
794,Phone,Nokia,2.1,8,400,320,220,120
795,Phone,Nokia,2.1,16,400,320,220,120
796,Phone,Nokia,2.1,32,400,320,220,120
797,Phone,Nokia,3,16,650,520,357.5,195
798,Phone,Nokia,3.1,16,500,400,275,150
799,Phone,Nokia,3.1,32,500,400,275,150
800,Phone,Nokia,3.1 PLUS,16,500,400,275,150
801,Phone,Nokia,3.1 PLUS,32,500,400,275,150
802,Phone,Nokia,4,16,500,400,275,150
803,Phone,Nokia,4,32,500,400,275,150
804,Phone,Nokia,4.1,16,1500,1200,825,450
805,Phone,Nokia,4.1,32,1500,1200,825,450
806,Phone,Nokia,5,16,800,640,440,240
807,Phone,Nokia,5.1,16,500,400,275,150
808,Phone,Nokia,5.1,32,500,400,275,150
809,Phone,Nokia,5.1 PLUS,32,500,400,275,150
810,Phone,Nokia,5.1 PLUS,64,500,400,275,150
811,Phone,Nokia,6,32,500,400,275,150
812,Phone,Nokia,6,64,3550,2840,1952.5,1065
813,Phone,Nokia,6.1,32,500,400,275,150
814,Phone,Nokia,6.1,64,500,400,275,150
815,Phone,Nokia,6.1 PLUS,32,500,400,275,150
816,Phone,Nokia,6.1 PLUS,64,500,400,275,150
817,Phone,Nokia,7 PLUS,64,1500,1200,825,450
818,Phone,Nokia,7.1,32,1500,1200,825,450
819,Phone,Nokia,7.1,64,1500,1200,825,450
820,Phone,Nokia,8,64,1000,800,550,300
821,Phone,Nokia,8,128,1000,800,550,300
822,Phone,Nokia,8 SIROCCO,128,2500,2000,1375,750
823,Phone,Nokia,8.1,128,1000,800,550,300
824,Phone,Nokia,8.1,64,1000,800,550,300
825,Phone,Nokia,9 PUREVIEW,128,1500,1200,825,450
826,Phone,OnePlus,5,64,2000,1600,1100,600
827,Phone,OnePlus,5,128,2100,1680,1155,630
828,Phone,OnePlus,5T,64,2100,1680,1155,630
829,Phone,OnePlus,5T,128,2150,1720,1182.5,645
830,Phone,OnePlus,6,64,3550,2840,1952.5,1065
831,Phone,OnePlus,6,128,3550,2840,1952.5,1065
832,Phone,OnePlus,6,256,3800,3040,2090,1140
833,Phone,OnePlus,6T,128,4050,3240,2227.5,1215
834,Phone,OnePlus,6T,256,5000,4000,2750,1500
835,Phone,OnePlus,7,128,5000,4000,2750,1500
836,Phone,OnePlus,7,256,5000,4000,2750,1500
837,Phone,OnePlus,7 PRO,128,6000,4800,3300,1800
838,Phone,OnePlus,7 PRO,256,6000,4800,3300,1800
839,Phone,OnePlus,8t,128,6000,4800,3300,1800
840,Phone,OnePlus,8,128,6500,5200,3575,1950
841,Phone,OnePlus,8,256,7500,6000,4125,2250
842,Phone,OnePlus,8 pro,128,7500,6000,4125,2250
843,Phone,OnePlus,8 pro,256,8500,6800,4675,2550
844,Phone,OnePlus,9,128,9000,7200,4950,2700
845,Phone,OnePlus,9,256,10000,8000,5500,3000
846,Phone,OnePlus,9 pro,128,10000,8000,5500,3000
847,Phone,OnePlus,9 pro,256,11000,8800,6050,3300
848,Phone,Oppo,A1K,32,1000,800,550,300
849,Phone,Oppo,A3,128,1150,920,632.5,345
850,Phone,Oppo,A31,64,2100,1680,1155,630
851,Phone,Oppo,A31,128,2100,1680,1155,630
852,Phone,Oppo,A3S,16,2000,1600,1100,600
853,Phone,Oppo,A3S,32,2000,1600,1100,600
854,Phone,Oppo,A3S,64,2000,1600,1100,600
855,Phone,Oppo,A5,32,2000,1600,1100,600
856,Phone,Oppo,A5,64,2000,1600,1100,600
857,Phone,Oppo,A5 2020,64,2000,1600,1100,600
858,Phone,Oppo,A5 2020,128,2000,1600,1100,600
859,Phone,Oppo,A5S,32,1500,1200,825,450
860,Phone,Oppo,A5S,64,1500,1200,825,450
861,Phone,Oppo,A7,32,1500,1200,825,450
862,Phone,Oppo,A7,64,1500,1200,825,450
863,Phone,Oppo,A7N,64,1500,1200,825,450
864,Phone,Oppo,A7X,128,1500,1200,825,450
865,Phone,Oppo,A83,16,1500,1200,825,450
866,Phone,Oppo,A83,32,1500,1200,825,450
867,Phone,Oppo,A83,64,1500,1200,825,450
868,Phone,Oppo,A85,32,750,600,412.5,225
869,Phone,Oppo,A9,128,3250,2600,1787.5,975
870,Phone,Oppo,A9 2020,128,3000,2400,1650,900
871,Phone,Oppo,A9X,128,3000,2400,1650,900
872,Phone,Oppo,AX5,32,1650,1320,907.5,495
873,Phone,Oppo,AX5,64,1650,1320,907.5,495
874,Phone,Oppo,AX5S,32,1800,1440,990,540
875,Phone,Oppo,AX5S,64,1800,1440,990,540
876,Phone,Oppo,F11,64,2000,1600,1100,600
877,Phone,Oppo,F11,128,2000,1600,1100,600
878,Phone,Oppo,F11 PRO,64,2500,2000,1375,750
879,Phone,Oppo,F11 PRO,128,2750,2200,1512.5,825
880,Phone,Oppo,F5,32,2100,1680,1155,630
881,Phone,Oppo,F5,64,2100,1680,1155,630
882,Phone,Oppo,F5 YOUTH,32,1000,800,550,300
883,Phone,Oppo,F7,64,1250,1000,687.5,375
884,Phone,Oppo,F7,128,1250,1000,687.5,375
885,Phone,Oppo,F7 YOUTH,64,1000,800,550,300
886,Phone,Oppo,F9 PRO,64,1500,1200,825,450
887,Phone,Oppo,FIND X,128,2000,1600,1100,600
888,Phone,Oppo,FIND X,256,2250,1800,1237.5,675
889,Phone,Oppo,FIND X 2,128,7500,6000,4125,2250
890,Phone,Oppo,FIND X 2,256,7500,6000,4125,2250
891,Phone,Oppo,FIND X 2 PRO,256,7500,6000,4125,2250
892,Phone,Oppo,FIND X 2 PRO,512,7500,6000,4125,2250
893,Phone,Oppo,K1,64,1000,800,550,300
894,Phone,Oppo,K3,64,2500,2000,1375,750
895,Phone,Oppo,K3,128,2500,2000,1375,750
896,Phone,Oppo,K3,256,2500,2000,1375,750
897,Phone,Oppo,R11,64,1500,1200,825,450
898,Phone,Oppo,R11,128,1650,1320,907.5,495
899,Phone,Oppo,R11S,64,1000,800,550,300
900,Phone,Oppo,R15,128,2000,1600,1100,600
901,Phone,Oppo,R15 DME,128,2000,1600,1100,600
902,Phone,Oppo,R15 PRO,128,2000,1600,1100,600
903,Phone,Oppo,R15X,128,2000,1600,1100,600
904,Phone,Oppo,R17,128,2000,1600,1100,600
905,Phone,Oppo,R17 PRO,128,2000,1600,1100,600
906,Phone,Oppo,REALME 1,32,550,440,302.5,165
907,Phone,Oppo,REALME 1,64,650,520,357.5,195
908,Phone,Oppo,REALME 1,128,800,640,440,240
909,Phone,Oppo,REALME 2,32,750,600,412.5,225
910,Phone,Oppo,REALME 2,64,750,600,412.5,225
911,Phone,Oppo,REALME 2 PRO,64,750,600,412.5,225
912,Phone,Oppo,REALME 2 PRO,128,750,600,412.5,225
913,Phone,Oppo,REALME 3,32,1000,800,550,300
914,Phone,Oppo,REALME 3,64,1000,800,550,300
915,Phone,Oppo,REALME 3 PRO,64,1250,1000,687.5,375
916,Phone,Oppo,REALME 3 PRO,128,1250,1000,687.5,375
917,Phone,Oppo,REALME 3I,32,1000,800,550,300
918,Phone,Oppo,REALME 3I,64,1000,800,550,300
919,Phone,Oppo,REALME C1 2019,32,1000,800,550,300
920,Phone,Oppo,REALME C2,16,1250,1000,687.5,375
921,Phone,Oppo,REALME C2,32,1250,1000,687.5,375
922,Phone,Oppo,REALME U1,32,1250,1000,687.5,375
923,Phone,Oppo,REALME U1,64,1250,1000,687.5,375
924,Phone,Oppo,REALME X,64,1750,1400,962.5,525
925,Phone,Oppo,REALME X,128,1750,1400,962.5,525
926,Phone,Oppo,REALME X,256,1750,1400,962.5,525
927,Phone,Oppo,RENO,128,2500,2000,1375,750
928,Phone,Oppo,RENO,256,2500,2000,1375,750
929,Phone,Oppo,RENO 10X ZOOM,128,3000,2400,1650,900
930,Phone,Oppo,RENO 10X ZOOM,256,3000,2400,1650,900
931,Phone,Oppo,RENO 2,128,3500,2800,1925,1050
932,Phone,Oppo,RENO 2,256,3500,2800,1925,1050
933,Phone,Oppo,RENO 2F,128,3500,2800,1925,1050
934,Phone,Oppo,RENO 2Z,128,3500,2800,1925,1050
935,Phone,Oppo,RENO 2Z,256,3500,2800,1925,1050
936,Phone,Oppo,RENO 5G,256,2500,2000,1375,750
937,Phone,Oppo,RENO A,128,2500,2000,1375,750
938,Phone,Oppo,RENO Z,128,2500,2000,1375,750
939,Phone,Oppo,RENO Z,256,250,200,137.5,75
940,Phone,Oppo,RX17 NEO,128,3000,2400,1650,900
941,Phone,Oppo,RX17 PRO,128,3000,2400,1650,900
942,Phone,Vivo,IQOO,128,2500,2000,1375,750
943,Phone,Vivo,IQOO,256,2500,2000,1375,750
944,Phone,Vivo,NEX,128,2300,1840,1265,690
945,Phone,Vivo,NEX DUAL DISPLAY,128,2500,2000,1375,750
946,Phone,Vivo,V11 PRO,64,2000,1600,1100,600
947,Phone,Vivo,V11 PRO,128,2000,1600,1100,600
948,Phone,Vivo,V11,64,1750,1400,962.5,525
949,Phone,Vivo,V11,128,1750,1400,962.5,525
950,Phone,Vivo,V11I,64,1750,1400,962.5,525
951,Phone,Vivo,V11I,128,1750,1400,962.5,525
952,Phone,Vivo,V15,64,2000,1600,1100,600
953,Phone,Vivo,V15,128,2000,1600,1100,600
954,Phone,Vivo,V15 PRO,128,2000,1600,1100,600
955,Phone,Vivo,V17 NEO,128,3500,2800,1925,1050
956,Phone,Vivo,V7,32,1250,1000,687.5,375
957,Phone,Vivo,V7 PLUS,32,1250,1000,687.5,375
958,Phone,Vivo,V7 PLUS,64,1250,1000,687.5,375
959,Phone,Vivo,V9,64,1500,1200,825,450
960,Phone,Vivo,V9 PRO,64,1750,1400,962.5,525
961,Phone,Vivo,V9 YOUTH,32,1250,1000,687.5,375
962,Phone,Vivo,V9 YOUTH,64,1250,1000,687.5,375
963,Phone,Vivo,X21,64,1750,1400,962.5,525
964,Phone,Vivo,X21,128,1750,1400,962.5,525
965,Phone,Vivo,X23,128,1750,1400,962.5,525
966,Phone,Vivo,X27,128,2000,1600,1100,600
967,Phone,Vivo,X27,256,2000,1600,1100,600
968,Phone,Vivo,X27 PRO,256,2000,1600,1100,600
969,Phone,Vivo,Y12,32,1250,1000,687.5,375
970,Phone,Vivo,Y12,64,1250,1000,687.5,375
971,Phone,Vivo,Y17,128,2000,1600,1100,600
972,Phone,Vivo,Y65,16,1250,1000,687.5,375
973,Phone,Vivo,Y69,32,1250,1000,687.5,375
974,Phone,Vivo,Y71,16,1250,1000,687.5,375
975,Phone,Vivo,Y71,32,1250,1000,687.5,375
976,Phone,Vivo,Y71I,16,1250,1000,687.5,375
977,Phone,Vivo,Y73,32,1250,1000,687.5,375
978,Phone,Vivo,Y73,64,1250,1000,687.5,375
979,Phone,Vivo,Y81,32,1250,1000,687.5,375
980,Phone,Vivo,Y83,32,1250,1000,687.5,375
981,Phone,Vivo,Y83,64,1250,1000,687.5,375
982,Phone,Vivo,Y85,32,1250,1000,687.5,375
983,Phone,Vivo,Y85,64,1250,1000,687.5,375
984,Phone,Vivo,Y89,64,1250,1000,687.5,375
985,Phone,Vivo,Y91,16,1250,1000,687.5,375
986,Phone,Vivo,Y91,32,1250,1000,687.5,375
987,Phone,Vivo,Y91C,16,1250,1000,687.5,375
988,Phone,Vivo,Y91C,32,1250,1000,687.5,375
989,Phone,Vivo,Y91I,16,1250,1000,687.5,375
990,Phone,Vivo,Y91I,32,1250,1000,687.5,375
991,Phone,Vivo,Y93,64,1250,1000,687.5,375
992,Phone,Vivo,Y93 LITE,32,1250,1000,687.5,375
993,Phone,Vivo,Y95,32,1250,1000,687.5,375
994,Phone,Vivo,Y95,64,1250,1000,687.5,375
995,Phone,Vivo,Y97,128,1250,1000,687.5,375
996,Phone,Xiaomi,BLACK SHARK,64,2500,2000,1375,750
997,Phone,Xiaomi,BLACK SHARK,128,2500,2000,1375,750
998,Phone,Xiaomi,BLACK SHARK,256,2500,2000,1375,750
999,Phone,Xiaomi,BLACK SHARK 2,128,5000,4000,2750,1500
1000,Phone,Xiaomi,BLACK SHARK 2,256,5000,4000,2750,1500
1001,Phone,Xiaomi,BLACK SHARK 2 PRO,128,6000,4800,3300,1800
1002,Phone,Xiaomi,BLACK SHARK 2 PRO,256,6000,4800,3300,1800
1003,Phone,Xiaomi,BLACK SHARK 3s,128,6000,4800,3300,1800
1004,Phone,Xiaomi,BLACK SHARK 4,128,7500,6000,4125,2250
1005,Phone,Xiaomi,BLACK SHARK HELO,128,2750,2200,1512.5,825
1006,Phone,Xiaomi,BLACK SHARK HELO,256,3500,2800,1925,1050
1007,Phone,Xiaomi,MI 4,16,500,400,275,150
1008,Phone,Xiaomi,MI 4,64,600,480,330,180
1009,Phone,Xiaomi,MI 4C,16,250,200,137.5,75
1010,Phone,Xiaomi,MI 4C,32,250,200,137.5,75
1011,Phone,Xiaomi,MI 4I,16,250,200,137.5,75
1012,Phone,Xiaomi,MI 4I,32,250,200,137.5,75
1013,Phone,Xiaomi,MI 4S,64,750,600,412.5,225
1014,Phone,Xiaomi,MI 5,32,250,200,137.5,75
1015,Phone,Xiaomi,MI 5 PRIME/PRO,64,250,200,137.5,75
1016,Phone,Xiaomi,MI 5 PRIME/PRO,128,250,200,137.5,75
1017,Phone,Xiaomi,MI 5C,64,750,600,412.5,225
1018,Phone,Xiaomi,MI 5S,64,750,600,412.5,225
1019,Phone,Xiaomi,MI 5S,128,750,600,412.5,225
1020,Phone,Xiaomi,MI 5S PLUS,64,750,600,412.5,225
1021,Phone,Xiaomi,MI 5S PLUS,128,750,600,412.5,225
1022,Phone,Xiaomi,MI 6,64,750,600,412.5,225
1023,Phone,Xiaomi,MI 6,128,750,600,412.5,225
1024,Phone,Xiaomi,MI A2,32,1000,800,550,300
1025,Phone,Xiaomi,MI A2,64,1000,800,550,300
1026,Phone,Xiaomi,MI A2,128,1350,1080,742.5,405
1027,Phone,Xiaomi,MI 8,64,1500,1200,825,450
1028,Phone,Xiaomi,MI 8,128,1700,1360,935,510
1029,Phone,Xiaomi,MI 8,256,2250,1800,1237.5,675
1030,Phone,Xiaomi,MI 8 EXPLORER,128,2000,1600,1100,600
1031,Phone,Xiaomi,MI 8 LITE,64,1250,1000,687.5,375
1032,Phone,Xiaomi,MI 8 LITE,128,1250,1000,687.5,375
1033,Phone,Xiaomi,MI 8 PRO,128,2250,1800,1237.5,675
1034,Phone,Xiaomi,MI 8 SE,64,1250,1000,687.5,375
1035,Phone,Xiaomi,MI 8 SE,128,2250,1800,1237.5,675
1036,Phone,Xiaomi,MI 9,64,3500,2800,1925,1050
1037,Phone,Xiaomi,MI 9,128,3500,2800,1925,1050
1038,Phone,Xiaomi,MI 9 SE,64,2950,2360,1622.5,885
1039,Phone,Xiaomi,MI 9 SE,128,3400,2720,1870,1020
1040,Phone,Xiaomi,MI 9T,64,2000,1600,1100,600
1041,Phone,Xiaomi,MI 9T,128,2000,1600,1100,600
1042,Phone,Xiaomi,MI 9 EXPLORER,256,2000,1600,1100,600
1043,Phone,Xiaomi,MI 9T PRO,64,2500,2000,1375,750
1044,Phone,Xiaomi,MI 9T PRO,128,2500,2000,1375,750
1045,Phone,Xiaomi,MI 9T PRO,256,2500,2000,1375,750
1046,Phone,Xiaomi,MI 10,128,5000,4000,2750,1500
1047,Phone,Xiaomi,MI 10,256,5000,4000,2750,1500
1048,Phone,Xiaomi,MI 10 PRO,256,10000,8000,5500,3000
1049,Phone,Xiaomi,MI 10t PRO,256,8500,6800,4675,2550
1050,Phone,Xiaomi,MI 10i,64,7000,5600,3850,2100
1051,Phone,Xiaomi,MI 10i,128,7500,6000,4125,2250
1052,Phone,Xiaomi,MI 11,256,20000,16000,11000,6000
1053,Phone,Xiaomi,MI 11 pro,128,22000,17600,12100,6600
1054,Phone,Xiaomi,MI 11 pro,256,24000,19200,13200,7200
1055,Phone,Xiaomi,MI 11 Ultra,256,32000,25600,17600,9600
1056,Phone,Xiaomi,MI 11 lite,128,10000,8000,5500,3000
1057,Phone,Xiaomi,MI 11i,128,11000,8800,6050,3300
1058,Phone,Xiaomi,MI 11i,256,13000,10400,7150,3900
1059,Phone,Xiaomi,MI A1,64,500,400,275,150
1060,Phone,Xiaomi,MI A2 LITE,32,500,400,275,150
1061,Phone,Xiaomi,MI A2 LITE,64,500,400,275,150
1062,Phone,Xiaomi,MI A3,64,1000,800,550,300
1063,Phone,Xiaomi,MI A3,128,1000,800,550,300
1064,Phone,Xiaomi,MI CC9,64,2500,2000,1375,750
1065,Phone,Xiaomi,MI CC9,128,2500,2000,1375,750
1066,Phone,Xiaomi,MI CC9,256,2500,2000,1375,750
1067,Phone,Xiaomi,MI CC9E,64,1750,1400,962.5,525
1068,Phone,Xiaomi,MI CC9E,128,1750,1400,962.5,525
1069,Phone,Xiaomi,MI MAX,16,500,400,275,150
1070,Phone,Xiaomi,MI MAX,32,500,400,275,150
1071,Phone,Xiaomi,MI MAX,64,500,400,275,150
1072,Phone,Xiaomi,MI MAX,128,1500,1200,825,450
1073,Phone,Xiaomi,MI MAX 2,32,1500,1200,825,450
1074,Phone,Xiaomi,MI MAX 2,64,1500,1200,825,450
1075,Phone,Xiaomi,MI MAX 2,128,1500,1200,825,450
1076,Phone,Xiaomi,MI MAX 3,64,1850,1480,1017.5,555
1077,Phone,Xiaomi,MI MAX 3,128,2500,2000,1375,750
1078,Phone,Xiaomi,MI MIX,128,500,400,275,150
1079,Phone,Xiaomi,MI MIX,256,500,400,275,150
1080,Phone,Xiaomi,MI MIX 2,64,1000,800,550,300
1081,Phone,Xiaomi,MI MIX 2,128,1000,800,550,300
1082,Phone,Xiaomi,MI MIX 2,256,1000,800,550,300
1083,Phone,Xiaomi,MI MIX 2S,32,1000,800,550,300
1084,Phone,Xiaomi,MI MIX 2S,64,1000,800,550,300
1085,Phone,Xiaomi,MI MIX 3,128,3000,2400,1650,900
1086,Phone,Xiaomi,MI MIX 3,256,3000,2400,1650,900
1087,Phone,Xiaomi,MI MIX 3 5G,64,3000,2400,1650,900
1088,Phone,Xiaomi,MI NOTE 2,64,250,200,137.5,75
1089,Phone,Xiaomi,MI NOTE 2,128,250,200,137.5,75
1090,Phone,Xiaomi,MI NOTE 3,64,250,200,137.5,75
1091,Phone,Xiaomi,MI NOTE 3,128,500,400,275,150
1092,Phone,Xiaomi,MI NOTE 4,64,250,200,137.5,75
1093,Phone,Xiaomi,MI NOTE 4x,32,400,320,220,120
1094,Phone,Xiaomi,MI NOTE 4x,64,500,400,275,150
1095,Phone,Xiaomi,MI NOTE 5,64,600,480,330,180
1096,Phone,Xiaomi,MI NOTE 5 Pro,64,750,600,412.5,225
1097,Phone,Xiaomi,MI NOTE 6 Pro,32,900,720,495,270
1098,Phone,Xiaomi,MI NOTE 6 Pro,64,1000,800,550,300
1099,Phone,Xiaomi,MI NOTE 7,64,1100,880,605,330
1100,Phone,Xiaomi,MI NOTE 7 Pro,128,1250,1000,687.5,375
1101,Phone,Xiaomi,MI NOTE 10,128,6000,4800,3300,1800
1102,Phone,Xiaomi,MI NOTE 10 PRO,256,6500,5200,3575,1950
1103,Phone,Xiaomi,MI NOTE 10 Lite,128,700,560,385,210
1104,Phone,Xiaomi,MI PLAY,64,250,200,137.5,75
1105,Phone,Xiaomi,POCOPHONE POCO F1,64,250,200,137.5,75
1106,Phone,Xiaomi,POCOPHONE POCO F1,128,250,200,137.5,75
1107,Phone,Xiaomi,POCOPHONE POCO F1,256,250,200,137.5,75
1108,Phone,Xiaomi,POCOPHONE POCO F2 Pro,128,5000,4000,2750,1500
1109,Phone,Xiaomi,POCOPHONE POCO F2 Pro,256,5500,4400,3025,1650
1110,Phone,Xiaomi,POCOPHONE POCO M2 Pro,128,5500,4400,3025,1650
1111,Phone,Xiaomi,POCOPHONE POCO X3,128,4000,3200,2200,1200
1112,Phone,Xiaomi,POCOPHONE POCO X3 Pro,128,5000,4000,2750,1500
1113,Phone,Xiaomi,POCOPHONE POCO X3 Pro,256,5500,4400,3025,1650
1114,Phone,Xiaomi,POCOPHONE POCO F3,128,6500,5200,3575,1950
1115,Phone,Xiaomi,POCOPHONE POCO F3,256,7000,5600,3850,2100
1116,Phone,Xiaomi,REDMI 2,8,150,120,82.5,45
1117,Phone,Xiaomi,REDMI 2,16,150,120,82.5,45
1118,Phone,Xiaomi,REDMI 2 PRIME,16,150,120,82.5,45
1119,Phone,Xiaomi,REDMI 2 PRO,16,150,120,82.5,45
1120,Phone,Xiaomi,REDMI 2A,8,150,120,82.5,45
1121,Phone,Xiaomi,REDMI 3,16,250,200,137.5,75
1122,Phone,Xiaomi,REDMI 3 PRO,32,250,200,137.5,75
1123,Phone,Xiaomi,REDMI 3S,16,300,240,165,90
1124,Phone,Xiaomi,REDMI 3S,32,650,520,357.5,195
1125,Phone,Xiaomi,REDMI 3S PLUS,32,250,200,137.5,75
1126,Phone,Xiaomi,REDMI 3X,32,250,200,137.5,75
1127,Phone,Xiaomi,REDMI 4X,16,500,400,275,150
1128,Phone,Xiaomi,REDMI 4X,32,500,400,275,150
1129,Phone,Xiaomi,REDMI 4X,64,500,400,275,150
1130,Phone,Xiaomi,REDMI 4 PRO,16,250,200,137.5,75
1131,Phone,Xiaomi,REDMI 4 PRO,32,250,200,137.5,75
1132,Phone,Xiaomi,REDMI 4 PRO,64,250,200,137.5,75
1133,Phone,Xiaomi,REDMI 4A,16,300,240,165,90
1134,Phone,Xiaomi,REDMI 4A,32,400,320,220,120
1135,Phone,Xiaomi,REDMI 4,16,450,360,247.5,135
1136,Phone,Xiaomi,REDMI 4,32,500,400,275,150
1137,Phone,Xiaomi,REDMI 4,64,500,400,275,150
1138,Phone,Xiaomi,REDMI 5,16,750,600,412.5,225
1139,Phone,Xiaomi,REDMI 5,32,750,600,412.5,225
1140,Phone,Xiaomi,REDMI 5 PLUS,32,750,600,412.5,225
1141,Phone,Xiaomi,REDMI 5 PLUS,64,750,600,412.5,225
1142,Phone,Xiaomi,REDMI 5A,16,750,600,412.5,225
1143,Phone,Xiaomi,REDMI 5A,32,750,600,412.5,225
1144,Phone,Xiaomi,REDMI 6,32,800,640,440,240
1145,Phone,Xiaomi,REDMI 6,64,850,680,467.5,255
1146,Phone,Xiaomi,REDMI 6 PRO,32,900,720,495,270
1147,Phone,Xiaomi,REDMI 6 PRO,64,1000,800,550,300
1148,Phone,Xiaomi,REDMI 6A,16,450,360,247.5,135
1149,Phone,Xiaomi,REDMI 6A,32,600,480,330,180
1150,Phone,Xiaomi,REDMI 7,16,900,720,495,270
1151,Phone,Xiaomi,REDMI 7,32,1000,800,550,300
1152,Phone,Xiaomi,REDMI 7,64,1250,1000,687.5,375
1153,Phone,Xiaomi,REDMI 7A,16,500,400,275,150
1154,Phone,Xiaomi,REDMI 7A,32,1000,800,550,300
1155,Phone,Xiaomi,REDMI 8,32,1350,1080,742.5,405
1156,Phone,Xiaomi,REDMI 8,64,1400,1120,770,420
1157,Phone,Xiaomi,REDMI 9,32,2250,1800,1237.5,675
1158,Phone,Xiaomi,REDMI 9,64,2500,2000,1375,750
1159,Phone,Xiaomi,REDMI 9c,32,1750,1400,962.5,525
1160,Phone,Xiaomi,REDMI 9c,64,2000,1600,1100,600
1161,Phone,Xiaomi,REDMI GO,8,250,200,137.5,75
1162,Phone,Xiaomi,REDMI GO,16,300,240,165,90
1163,Phone,Xiaomi,REDMI K20,64,3350,2680,1842.5,1005
1164,Phone,Xiaomi,REDMI K20,128,3500,2800,1925,1050
1165,Phone,Xiaomi,REDMI K20,256,3550,2840,1952.5,1065
1166,Phone,Xiaomi,REDMI K20 PRO,64,3500,2800,1925,1050
1167,Phone,Xiaomi,REDMI K20 PRO,128,3500,2800,1925,1050
1168,Phone,Xiaomi,REDMI K20 PRO,256,3500,2800,1925,1050
1169,Phone,Xiaomi,REDMI K30,128,3500,2800,1925,1050
1170,Phone,Xiaomi,REDMI K30i,64,2500,2000,1375,750
1171,Phone,Xiaomi,REDMI K30i,128,2750,2200,1512.5,825
1172,Phone,Xiaomi,REDMI K40,128,6000,4800,3300,1800
1173,Phone,Xiaomi,REDMI K40 Pro,128,7000,5600,3850,2100
1174,Phone,Xiaomi,REDMI NOTE 3,16,250,200,137.5,75
1175,Phone,Xiaomi,REDMI NOTE 3,32,250,200,137.5,75
1176,Phone,Xiaomi,REDMI NOTE 3 PRO,16,250,200,137.5,75
1177,Phone,Xiaomi,REDMI NOTE 3 PRO,32,250,200,137.5,75
1178,Phone,Xiaomi,REDMI NOTE 4,16,500,400,275,150
1179,Phone,Xiaomi,REDMI NOTE 4,32,500,400,275,150
1180,Phone,Xiaomi,REDMI NOTE 4,64,500,400,275,150
1181,Phone,Xiaomi,REDMI NOTE 4X,16,500,400,275,150
1182,Phone,Xiaomi,REDMI NOTE 4X,32,500,400,275,150
1183,Phone,Xiaomi,REDMI NOTE 4X,64,500,400,275,150
1184,Phone,Xiaomi,REDMI NOTE 5,32,750,600,412.5,225
1185,Phone,Xiaomi,REDMI NOTE 5,64,750,600,412.5,225
1186,Phone,Xiaomi,REDMI NOTE 5 PRO,64,750,600,412.5,225
1187,Phone,Xiaomi,REDMI NOTE 5A,16,750,600,412.5,225
1188,Phone,Xiaomi,REDMI NOTE 5A,32,750,600,412.5,225
1189,Phone,Xiaomi,REDMI NOTE 5A,64,750,600,412.5,225
1190,Phone,Xiaomi,REDMI NOTE 5A PRIME,32,750,600,412.5,225
1191,Phone,Xiaomi,REDMI NOTE 5A PRIME,64,750,600,412.5,225
1192,Phone,Xiaomi,REDMI NOTE 6 PRO,32,1000,800,550,300
1193,Phone,Xiaomi,REDMI NOTE 6 PRO,64,1000,800,550,300
1194,Phone,Xiaomi,REDMI NOTE 7,32,1500,1200,825,450
1195,Phone,Xiaomi,REDMI NOTE 7,64,1650,1320,907.5,495
1196,Phone,Xiaomi,REDMI NOTE 7,128,1900,1520,1045,570
1197,Phone,Xiaomi,REDMI NOTE 7 PRO,64,2000,1600,1100,600
1198,Phone,Xiaomi,REDMI NOTE 7 PRO,128,2050,1640,1127.5,615
1199,Phone,Xiaomi,REDMI NOTE 7S,32,1500,1200,825,450
1200,Phone,Xiaomi,REDMI NOTE 7S,64,1550,1240,852.5,465
1201,Phone,Xiaomi,REDMI NOTE 8,32,2000,1600,1100,600
1202,Phone,Xiaomi,REDMI NOTE 8,64,2000,1600,1100,600
1203,Phone,Xiaomi,REDMI NOTE 8,128,2000,1600,1100,600
1204,Phone,Xiaomi,REDMI NOTE 8 PRO,64,2500,2000,1375,750
1205,Phone,Xiaomi,REDMI NOTE 8 PRO,128,2500,2000,1375,750
1206,Phone,Xiaomi,REDMI NOTE 8 PRO,256,2500,2000,1375,750
1207,Phone,Xiaomi,REDMI NOTE 8T,32,1750,1400,962.5,525
1208,Phone,Xiaomi,REDMI NOTE 8T,64,2000,1600,1100,600
1209,Phone,Xiaomi,REDMI NOTE 8T,128,1750,1400,962.5,525
1210,Phone,Xiaomi,REDMI NOTE 9,64,3000,2400,1650,900
1211,Phone,Xiaomi,REDMI NOTE 9,128,3250,2600,1787.5,975
1212,Phone,Xiaomi,REDMI NOTE 9S,64,2500,2000,1375,750
1213,Phone,Xiaomi,REDMI NOTE 9S,128,2750,2200,1512.5,825
1214,Phone,Xiaomi,REDMI NOTE 10,64,3500,2800,1925,1050
1215,Phone,Xiaomi,REDMI NOTE 10 Pro,128,4000,3200,2200,1200
1216,Phone,Xiaomi,REDMI NOTE 10s,128,5000,4000,2750,1500
1217,Phone,Xiaomi,REDMI NOTE 10 Lite,128,2500,2000,1375,750
1218,Phone,Xiaomi,REDMI PRO,32,1150,920,632.5,345
1219,Phone,Xiaomi,REDMI PRO,64,1250,1000,687.5,375
1220,Phone,Xiaomi,REDMI PRO,128,1450,1160,797.5,435
1221,Phone,Xiaomi,REDMI S2,32,1150,920,632.5,345
1222,Phone,Xiaomi,REDMI S2,64,1400,1120,770,420
1223,Phone,Xiaomi,REDMI Y2,32,1100,880,605,330
1224,Phone,Xiaomi,REDMI Y2,64,1200,960,660,360
1225,Phone,Xiaomi,REDMI Y3,32,750,600,412.5,225
1226,Phone,Xiaomi,REDMI Y3,64,800,640,440,240
1227,Phone,Xiaomi,Mix 4,512,15000,12000,8250,4500
1228,Phone,Alcatel,3x 2020,64,1000,800,550,300
1229,Phone,Alcatel,1a 2020,16,600,480,330,180
1230,Phone,Alcatel,3c 2019,16,600,480,330,180
1231,Phone,Alcatel,1v 2020,32,800,640,440,240
1232,Phone,Alcatel,1s 2020,32,600,480,330,180
1233,Phone,Alcatel,3l 2020,16,600,480,330,180
1234,Phone,Alcatel,1b 2020,16,500,400,275,150
1235,Phone,Alcatel,3v 2019,32,900,720,495,270
1236,Phone,Alcatel,3x 2019,64,1200,960,660,360
1237,Phone,Alcatel,"12,019",16,500,400,275,150
1238,Phone,Alcatel,"32,019",64,1000,800,550,300
1239,Phone,Alcatel,3l 2019,16,600,480,330,180
1240,Phone,Alcatel,1s,32,600,480,330,180
1241,Phone,Alcatel,1x 2019,16,600,480,330,180
1242,Phone,Alcatel,1c 2019,8,300,240,165,90
1243,Phone,Alcatel,7,32,400,320,220,120
1244,Phone,Alcatel,5v,32,1400,1120,770,420
1245,Phone,Alcatel,1,8,300,240,165,90
1246,Phone,Alcatel,3l,64,600,480,330,180
1247,Phone,Alcatel,3v,16,850,680,467.5,255
1248,Phone,Alcatel,3x,64,800,640,440,240
1249,Phone,Alcatel,3,16,800,640,440,240
1250,Phone,Alcatel,5,32,950,760,522.5,285
1251,Phone,Alcatel,3c,16,600,480,330,180
1252,Phone,Alcatel,a3 PLUS 3g,16,400,320,220,120
1253,Phone,Alcatel,idol 5s,32,400,320,220,120
1254,Phone,Alcatel,idol 5,32,400,320,220,120
1255,Phone,Alcatel,a7 xl,32,800,640,440,240
1256,Phone,Alcatel,a3 xl,16,250,200,137.5,75
1257,Phone,Alcatel,u5 hd,8,300,240,165,90
1258,Phone,Alcatel,idol 4 pro,16,300,240,165,90
1259,Phone,Alcatel,a30 plus,16,300,240,165,90
1260,Phone,Alcatel,a50,16,300,240,165,90
1261,Phone,Alcatel,pixi 4 6.0,8,300,240,165,90
1262,Phone,Alcatel,u5,8,100,80,55,30
1263,Phone,Alcatel,a5 led,8,100,80,55,30
1264,Phone,Alcatel,a3,16,100,80,55,30
1265,Phone,Alcatel,a3 xl,16,250,200,137.5,75
1266,Phone,Alcatel,idol 4s,32,100,80,55,30
1267,Phone,Motorola,Moto G8 power,64,2000,1600,1100,600
1268,Phone,Motorola,Moto G power,64,2000,1600,1100,600
1269,Phone,Motorola,Moto G Stylus,128,2000,1600,1100,600
1270,Phone,Motorola,Moto G8,64,1600,1280,880,480
1271,Phone,Motorola,One Hyper,128,2800,2240,1540,840
1272,Phone,Motorola,Razr 2019,128,12000,9600,6600,3600
1273,Phone,Motorola,Moto G8 Play,64,1600,1280,880,480
1274,Phone,Motorola,Moto G8 Plus,64,2000,1600,1100,600
1275,Phone,Motorola,Moto E6 plus,32,1200,960,660,360
1276,Phone,Motorola,One Macro,64,1800,1440,990,540
1277,Phone,Motorola,Moto E6s,64,1200,960,660,360
1278,Phone,Motorola,Moto e6,64,1000,800,550,300
1279,Phone,Motorola,One Zoom,64,2400,1920,1320,720
1280,Phone,Motorola,One Action,128,2400,1920,1320,720
1281,Phone,Motorola,Moto P50,32,1800,1440,990,540
1282,Phone,Motorola,Moto E5,32,1000,800,550,300
1283,Phone,Motorola,One Vision,128,2000,1600,1100,600
1284,Phone,Motorola,Moto G7 Play,32,1200,960,660,360
1285,Phone,Motorola,Moto G7 Power,32,1200,960,660,360
1286,Phone,Motorola,Moto G7,32,1200,960,660,360
1287,Phone,Motorola,Moto G7 Plus,32,1400,1120,770,420
1288,Phone,Motorola,One Power,64,1800,1440,990,540
1289,Phone,Motorola,One,64,1600,1280,880,480
1290,Phone,Motorola,P30 play,128,1000,800,550,300
1291,Phone,Motorola,p30 note,128,1000,800,550,300
1292,Phone,Motorola,P30,128,5900,4720,3245,1770
1293,Phone,Motorola,Moto Z3,64,1400,1120,770,420
1294,Phone,Motorola,Moto e5 play go,16,800,640,440,240
1295,Phone,Motorola,Moto e5 cruise,16,800,640,440,240
1296,Phone,Motorola,Moto e5 supra,16,800,640,440,240
1297,Phone,Motorola,Moto G Play,16,400,320,220,120
1298,Phone,Motorola,Moto G6 Plus,32,1400,1120,770,420
1299,Phone,Motorola,Moto x4,32,1000,800,550,300
1300,Phone,Motorola,Moto Z3 Play,64,1200,960,660,360
1301,Phone,Motorola,Moto e5 Plus,32,1100,880,605,330
1302,Phone,Motorola,Moto e5 play,16,1100,880,605,330
1303,Phone,Motorola,Moto Z 2018,128,800,640,440,240
1304,Phone,Motorola,Moto e4,16,800,640,440,240
1305,Phone,Motorola,Moto G5s,32,800,640,440,240
1306,Phone,Motorola,Moto G5s plus,32,900,720,495,270
1307,Phone,Motorola,Moto Z2 Force,64,2000,1600,1100,600
1308,Phone,Motorola,Moto E4 Plus,16,800,640,440,240
1309,Phone,Motorola,Moto Z2 play,64,800,640,440,240
1310,Phone,Motorola,Moto C plus,16,550,440,302.5,165
1311,Phone,Motorola,Moto C,16,500,400,275,150
1312,Phone,Motorola,Moto G5 plus,32,800,640,440,240
1313,Phone,Motorola,Moto G5,32,800,640,440,240
1314,Phone,Motorola,Moto Z play,32,600,480,330,180
1315,Phone,Motorola,Moto Z,32,600,480,330,180
1316,Phone,Motorola,Moto X,16,400,320,220,120
1317,Phone,Motorola,Moto X Force,16,400,320,220,120
1318,Phone,Motorola,Moto G Turbo,16,300,240,165,90
1319,Phone,Motorola,Droid Maxx 2,16,300,240,165,90
1320,Phone,Motorola,Moto X style,16,300,240,165,90
1321,Phone,Motorola,Moto X play,16,300,240,165,90
1322,Phone,Motorola,Moto G,16,300,240,165,90
1323,Phone,Motorola,Moto E,16,300,240,165,90
1324,Phone,Motorola,Moto X Pro,16,300,240,165,90
1325,Phone,Motorola,Moto Maxx,16,300,240,165,90
1326,Phone,Motorola,Nexus 6,32,300,240,165,90
1327,Phone,ZTE,Blade A3 2020,32,600,480,330,180
1328,Phone,ZTE,Axon 10s Pro,128,4800,3840,2640,1440
1329,Phone,ZTE,Blade A5 2020,32,1000,800,550,300
1330,Phone,ZTE,Blade A7 2020,32,1100,880,605,330
1331,Phone,ZTE,Blade 10,64,1200,960,660,360
1332,Phone,ZTE,Blade A7 Prime,32,900,720,495,270
1333,Phone,ZTE,Blade 20 Smart,128,1400,1120,770,420
1334,Phone,ZTE,Blade A7s,64,1000,800,550,300
1335,Phone,ZTE,Blade A7 2019,32,800,640,440,240
1336,Phone,ZTE,Blade A5 2019,32,700,560,385,210
1337,Phone,ZTE,Blade L130,8,100,80,55,30
1338,Phone,ZTE,Blade V10 Vita,32,800,640,440,240
1339,Phone,ZTE,Axon 10 Pro,128,2500,2000,1375,750
1340,Phone,ZTE,Blade A7,32,650,520,357.5,195
1341,Phone,ZTE,Blade L8,16,250,200,137.5,75
1342,Phone,ZTE,Blade A3 2019,16,250,200,137.5,75
1343,Phone,ZTE,Blade V10,32,800,640,440,240
1344,Phone,ZTE,Blade A7 Vita,16,650,520,357.5,195
1345,Phone,ZTE,Blade A4,64,600,480,330,180
1346,Phone,ZTE,Axon 9 Pro,64,1000,800,550,300
1347,Phone,ZTE,A530,16,100,80,55,30
1348,Phone,ZTE,Blade V9 Vita,16,600,480,330,180
1349,Phone,ZTE,Blade V9,32,600,480,330,180
1350,Phone,ZTE,Blade V8c,32,600,480,330,180
1351,Phone,ZTE,Blade A330,16,100,80,55,30
1352,Phone,ZTE,Blade A520c,16,150,120,82.5,45
1353,Phone,ZTE,Blade A3,16,400,320,220,120
1354,Phone,ZTE,Blade X,8,300,240,165,90
1355,Phone,ZTE,Axon M,64,500,400,275,150
1356,Phone,ZTE,Blade Vantage,16,100,80,55,30
1357,Phone,ZTE,Blade A6,32,300,240,165,90
1358,Phone,ZTE,Max Blue,16,300,240,165,90
1359,Phone,ZTE,Blade A6 lite,16,400,320,220,120
1360,Phone,ZTE,Blade A2s,16,300,240,165,90
1361,Phone,ZTE,Blade Z Max,32,200,160,110,60
1362,Phone,ZTE,Blade V8 Lite,16,300,240,165,90
1363,Phone,ZTE,Blade Spark,16,200,160,110,60
1364,Phone,ZTE,Blade V7 Plus,16,300,240,165,90
1365,Phone,ZTE,Blade V8q,128,300,240,165,90
1366,Phone,ZTE,Blade V8 mini,32,500,400,275,150
1367,Phone,ZTE,V870,64,200,160,110,60
